0,211.74,-736.0
1,230.13,-777.42
2,240.57,-746.73
3,265.74,-721.91
4,270.68,-760.8
5,321.57,-743.07
6,399.12,-728.71
7,375.8,-792.89
8,336.36,-629.26
9,230.57,-742.26
10,268.45,-733.47
11,229.87,-786.02
12,404.71,-677.89
13,331.97,-739.7
14,676.06,-796.45
15,952.31,-766.74
16,403.66,-716.33
17,242.87,-763.91
18,334.57,-760.75
19,423.45,-637.78
20,231.0,-703.61
21,334.29,-769.42
22,333.77,-670.49
23,208.69,-769.32
24,251.17,-734.58
25,335.93,-754.52
26,250.07,-676.28
27,223.61,-736.1
28,243.38,-762.29
29,311.15,-729.25
30,232.58,-762.96
31,310.69,-688.59
32,255.89,-728.84
33,275.6,-733.61
34,293.62,-750.47
35,257.3,-780.98
36,1005.6,-652.31
37,300.08,-761.86
38,344.59,-773.81
39,395.21,-764.84
40,333.89,-783.52
41,284.85,-751.14
42,341.55,-740.6
43,733.7,-797.84
44,552.18,-559.24
45,925.84,-804.99
46,218.23,-774.5
47,786.84,-684.42
48,257.41,-691.58
49,231.72,-733.48
50,386.0,-767.81
51,240.67,-746.9
52,838.9,-811.89
53,211.85,-744.37
54,355.87,-723.19
55,198.81,-776.06
56,358.16,-640.46
57,253.87,-723.68
58,375.4,-638.01
59,217.94,-775.12
60,282.75,-747.77
61,300.83,-717.02
62,182.7,-802.21
63,201.6,-750.6
64,246.52,-765.51
65,599.27,-695.31
66,329.38,-760.13
67,295.91,-760.15
68,253.92,-725.05
69,393.28,-755.68
70,323.72,-774.11
71,245.83,-736.84
72,355.74,-761.55
73,203.09,-775.06
74,254.66,-767.25
75,202.97,-742.68
76,284.54,-746.53
77,488.98,-566.92
78,312.16,-749.13
79,633.08,-666.2
80,836.88,-735.79
81,921.81,-757.97
82,590.51,-727.17
83,238.13,-744.38
84,278.49,-759.07
85,197.2,-747.88
86,278.8,-695.61
87,455.9,-499.2
88,211.89,-746.46
89,256.38,-723.7
90,309.29,-767.87
91,272.9,-741.87
92,980.96,-783.79
93,422.14,-758.41
94,630.08,-737.84
95,327.32,-765.97
96,282.56,-714.48
97,262.08,-699.31
98,363.34,-710.27
99,290.63,-728.02
100,288.61,-765.32
101,294.01,-739.64
102,385.98,-777.23
103,1216.37,-693.83
104,243.01,-775.26
105,447.03,-772.32
106,740.26,-694.63
107,266.52,-753.52
108,261.98,-754.15
109,287.07,-740.91
110,674.85,-790.05
111,247.87,-730.48
112,283.61,-760.2
113,418.3,-612.79
114,299.46,-714.68
115,265.43,-716.0
116,344.68,-756.32
117,221.92,-718.8
118,316.74,-638.8
119,266.46,-774.15
120,247.66,-751.22
121,295.86,-719.39
122,332.34,-638.93
123,212.06,-770.26
124,241.82,-746.12
125,243.7,-752.59
126,372.1,-752.43
127,255.1,-769.54
128,237.78,-758.01
129,211.11,-757.85
130,294.49,-718.64
131,276.17,-740.49
132,310.52,-760.96
133,301.62,-727.21
134,238.83,-741.43
135,442.56,-647.67
136,269.76,-716.99
137,205.3,-770.64
138,394.74,-739.87
139,552.31,-732.98
140,398.03,-687.68
141,326.91,-722.67
142,334.43,-769.45
143,672.32,-790.5
144,476.67,-537.12
145,271.69,-756.52
146,222.48,-762.73
147,218.8,-733.36
148,195.77,-788.71
149,205.28,-774.73
150,209.44,-752.59
151,1054.31,-743.37
152,218.67,-767.57
153,283.57,-639.96
154,332.04,-744.28
155,814.52,-766.38
156,443.25,-597.36
157,377.99,-730.14
158,368.24,-784.46
159,209.98,-778.52
160,294.2,-757.41
161,1566.67,-729.16
162,525.7,-598.56
163,192.29,-781.39
164,206.78,-775.17
165,232.27,-778.8
166,326.63,-723.67
167,677.76,-728.1
168,635.09,-701.91
169,257.97,-705.38
170,306.76,-783.0
171,285.56,-780.25
172,262.59,-753.46
173,492.81,-734.89
174,328.19,-646.3
175,199.77,-779.24
176,250.5,-790.26
177,270.59,-750.96
178,229.87,-767.51
179,294.22,-710.64
180,332.93,-713.85
181,329.48,-776.38
182,2110.88,-670.21
183,248.23,-742.51
184,224.76,-788.76
185,202.19,-750.54
186,213.49,-767.17
187,221.12,-770.87
188,737.01,-736.21
189,294.04,-716.17
190,593.81,-537.25
191,255.02,-730.25
192,221.44,-760.77
193,253.49,-775.67
194,342.02,-699.31
195,288.67,-715.43
196,309.67,-660.33
197,224.44,-771.78
198,227.78,-715.09
199,177.26,-798.74
200,295.11,-715.43
201,208.35,-769.96
202,1948.75,-726.47
203,312.48,-752.73
204,231.66,-745.4
205,182.96,-795.83
206,279.74,-795.51
207,178.57,-766.71
208,339.69,-762.24
209,1978.07,-577.0
210,416.12,-747.87
211,803.35,-588.76
212,1458.9,-699.77
213,413.93,-621.13
214,227.4,-771.53
215,228.51,-734.27
216,283.85,-724.03
217,259.3,-730.19
218,611.25,-603.96
219,236.34,-748.89
220,845.88,-813.42
221,222.13,-768.47
222,289.33,-762.26
223,366.9,-579.41
224,204.49,-748.02
225,369.33,-655.75
226,612.24,-648.58
227,242.1,-754.83
228,285.47,-699.51
229,239.44,-715.89
230,273.66,-728.92
231,365.61,-779.05
232,194.09,-760.3
233,207.14,-767.34
234,306.07,-752.54
235,212.76,-748.52
236,714.36,-766.21
237,206.8,-767.06
238,345.92,-729.66
239,294.97,-743.55
240,310.65,-735.59
241,328.05,-661.78
242,268.02,-720.79
243,240.87,-731.1
244,228.5,-754.41
245,359.49,-728.37
246,197.43,-780.0
247,178.62,-784.42
248,292.0,-720.9
249,268.19,-696.63
250,516.73,-703.72
251,554.08,-665.35
252,1201.57,-703.39
253,216.99,-776.14
254,198.65,-775.67
255,271.86,-692.89
256,303.2,-737.93
257,193.34,-767.8
258,954.36,-693.56
259,172.0,-791.88
260,265.95,-732.49
261,413.0,-784.4
262,234.01,-733.5
263,245.24,-716.06
264,188.59,-763.88
265,279.9,-680.28
266,289.61,-706.85
267,180.8,-765.08
268,522.8,-759.64
269,351.16,-713.99
270,445.7,-677.91
271,310.67,-726.19
272,224.43,-759.3
273,550.94,-595.0
274,269.96,-690.31
275,271.49,-754.5
276,227.52,-781.18
277,176.81,-759.1
278,276.3,-767.45
279,327.32,-768.73
280,205.75,-762.97
281,274.07,-639.94
282,397.83,-715.67
283,198.41,-775.52
284,367.87,-756.72
285,362.41,-687.66
286,1047.34,-585.49
287,303.26,-661.37
288,515.88,-755.36
289,285.51,-728.57
290,222.03,-782.86
291,242.09,-740.69
292,279.26,-741.77
293,520.18,-723.68
294,312.33,-752.79
295,229.21,-767.23
296,227.64,-730.27
297,227.58,-768.99
298,314.02,-730.9
299,205.64,-769.43
300,245.22,-712.43
301,176.17,-760.03
302,286.2,-773.53
303,249.55,-737.08
304,247.55,-744.76
305,307.0,-709.31
306,203.81,-746.44
307,253.6,-765.16
308,436.01,-743.67
309,265.04,-773.06
310,282.47,-747.76
311,220.16,-749.87
312,575.66,-785.62
313,316.95,-725.86
314,213.64,-760.08
315,249.15,-719.49
316,243.81,-759.83
317,508.54,-668.33
318,303.05,-691.52
319,457.92,-701.96
320,390.25,-795.83
321,365.42,-763.86
322,220.66,-756.24
323,529.58,-737.09
324,419.45,-708.8
325,390.98,-719.76
326,192.93,-732.5
327,228.3,-772.66
328,223.22,-747.65
329,219.87,-762.6
330,4747.58,-270.74
331,235.44,-761.65
332,348.41,-732.32
333,193.75,-804.85
334,226.27,-743.78
335,237.29,-747.44
336,237.67,-724.38
337,215.5,-770.24
338,619.86,-628.63
339,201.51,-721.07
340,317.38,-762.92
341,273.48,-783.04
342,329.93,-663.35
343,213.88,-739.35
344,208.45,-763.23
345,170.9,-759.7
346,290.25,-727.49
347,235.57,-757.11
348,618.51,-797.29
349,372.47,-659.67
350,456.91,-758.4
351,229.52,-743.22
352,642.84,-643.64
353,239.88,-748.25
354,276.39,-730.26
355,214.41,-773.65
356,174.6,-776.59
357,431.26,-763.63
358,196.04,-753.37
359,286.02,-663.91
360,204.12,-753.51
361,248.1,-732.92
362,206.74,-760.33
363,205.03,-760.8
364,226.61,-699.02
365,306.55,-710.99
366,3348.21,-691.9
367,206.63,-792.16
368,204.06,-773.19
369,607.85,-833.77
370,210.58,-757.81
371,247.86,-650.12
372,231.96,-745.8
373,329.14,-655.79
373,206.66,-745.04
375,214.97,-733.06
376,196.89,-769.66
377,235.12,-797.17
378,249.74,-751.58
379,496.29,-639.85
380,263.55,-724.42
381,259.3,-743.24
382,197.71,-759.08
383,278.63,-770.74
384,213.58,-753.26
385,234.12,-751.91
386,647.92,-614.3
387,289.28,-740.58
388,214.76,-818.9
389,382.06,-546.51
390,639.71,-572.96
391,178.58,-792.16
392,217.76,-740.78
393,233.85,-753.13
394,303.1,-770.54
395,198.26,-775.76
396,220.61,-730.06
397,301.85,-664.65
398,211.05,-781.11
399,260.79,-766.39
400,345.23,-735.11
401,194.38,-764.16
402,288.25,-776.93
403,237.14,-771.35
404,374.35,-704.67
405,208.48,-777.43
406,620.63,-736.22
407,283.02,-774.42
408,182.71,-766.17
409,161.86,-771.61
410,227.98,-752.68
411,202.89,-755.59
412,315.01,-609.35
413,338.36,-688.54
414,221.63,-762.45
415,1058.5,-617.36
416,330.51,-794.97
417,234.12,-774.21
418,191.11,-792.32
419,299.68,-702.71
420,419.61,-732.28
421,224.42,-758.16
422,218.67,-761.53
423,210.06,-761.92
424,279.6,-733.78
425,307.41,-763.84
426,216.92,-767.78
427,185.06,-806.22
428,229.98,-745.66
429,379.09,-765.77
430,781.58,-649.59
431,353.01,-749.56
432,190.53,-758.41
433,208.33,-736.1
434,261.44,-692.6
435,846.9,-744.24
436,202.32,-744.17
437,433.13,-746.11
438,598.58,-723.1
439,209.63,-755.35
440,237.84,-688.41
441,288.39,-715.19
442,259.0,-746.65
443,209.11,-744.88
444,358.55,-745.3
445,237.93,-758.26
446,259.72,-745.48
447,223.26,-766.0
448,300.38,-766.2
449,306.07,-739.33
450,197.33,-791.75
451,338.39,-766.61
452,358.52,-766.61
453,248.17,-764.9
454,266.11,-768.95
455,224.72,-737.17
456,262.14,-783.97
457,232.42,-784.66
458,224.71,-747.37
459,215.0,-751.11
460,238.38,-705.56
461,252.62,-731.89
462,452.34,-786.32
463,179.0,-818.34
464,253.08,-722.65
465,488.39,-708.13
466,344.12,-695.55
467,304.88,-757.64
468,403.42,-668.5
469,199.17,-738.56
470,178.95,-769.53
471,187.3,-778.0
472,309.41,-745.44
473,343.02,-755.01
474,305.47,-707.2
475,264.08,-745.11
476,271.34,-756.88
477,224.0,-764.66
478,926.54,-680.03
479,256.62,-725.55
480,363.92,-658.51
481,255.84,-760.72
482,362.3,-705.96
483,178.45,-793.93
484,178.11,-772.07
485,348.43,-729.59
486,188.37,-736.29
487,293.34,-742.91
488,284.93,-780.07
489,235.71,-735.14
490,346.18,-730.31
491,224.88,-757.81
492,214.01,-742.27
493,239.37,-737.93
494,171.75,-780.58
495,415.77,-718.65
496,536.8,-700.46
497,177.2,-772.33
498,217.48,-743.79
499,205.06,-735.79
500,216.88,-742.85
501,218.42,-769.33
502,241.29,-763.36
503,230.33,-784.18
504,405.03,-666.27
505,227.66,-714.8
506,245.34,-769.2
507,219.06,-749.96
508,193.94,-755.87
509,297.52,-719.14
510,297.86,-727.06
511,257.26,-768.13
512,213.48,-754.7
513,193.47,-748.94
514,455.26,-791.59
515,233.08,-735.36
516,217.08,-738.59
517,213.18,-764.42
518,347.18,-763.27
519,239.73,-744.62
520,285.31,-685.36
521,291.9,-708.93
522,261.88,-706.53
523,267.12,-718.81
524,287.86,-793.87
525,286.46,-733.34
526,240.61,-738.08
527,277.18,-779.32
528,203.72,-770.49
529,450.07,-753.04
530,295.03,-731.5
531,453.5,-712.44
532,366.06,-804.45
533,201.8,-791.88
534,207.89,-752.43
535,387.68,-792.35
536,1322.37,-742.47
537,396.26,-780.25
538,261.91,-714.37
539,187.92,-774.31
540,881.98,-695.49
541,201.9,-732.0
542,211.7,-730.34
543,202.84,-755.11
544,250.44,-757.37
545,688.43,-771.63
546,350.54,-773.23
547,194.57,-771.38
548,247.05,-748.0
549,318.25,-741.81
550,155.24,-844.84
551,191.67,-773.51
552,869.62,-796.94
553,450.32,-797.08
554,498.14,-797.92
555,235.4,-759.46
556,297.2,-687.24
557,281.48,-685.4
558,199.56,-766.95
559,376.69,-786.84
560,172.51,-797.09
561,267.17,-751.03
562,275.89,-692.38
563,347.9,-653.38
564,374.13,-678.12
565,675.3,-677.02
566,211.61,-763.08
567,291.58,-730.46
568,219.86,-759.84
569,349.03,-678.58
570,191.92,-742.89
571,190.2,-771.99
572,426.9,-762.59
573,290.28,-663.78
574,216.37,-768.9
575,211.07,-747.01
576,489.73,-758.27
577,229.76,-773.61
578,443.79,-736.54
579,328.65,-627.57
580,177.66,-787.88
581,479.36,-624.79
582,177.38,-774.97
583,225.83,-772.81
584,177.46,-791.7
585,198.15,-735.71
586,986.82,-824.97
587,289.17,-639.63
588,179.86,-776.8
589,259.12,-681.88
590,198.93,-773.6
591,212.05,-727.7
592,201.76,-741.05
593,210.43,-751.15
594,203.44,-780.86
595,614.29,-718.74
596,206.75,-751.07
597,221.26,-783.81
598,234.13,-748.21
599,246.98,-758.31
600,162.16,-742.5
601,733.27,-809.16
602,217.39,-769.18
603,184.24,-752.59
604,317.03,-710.8
605,291.09,-676.38
606,291.34,-738.97
607,169.4,-781.01
608,210.79,-748.28
609,684.34,-790.48
610,481.23,-759.9
611,251.02,-763.28
612,192.92,-767.83
613,894.22,-696.58
614,375.68,-740.15
615,4006.6,-374.95
616,468.81,-706.93
617,263.51,-737.09
618,737.28,-725.43
619,326.24,-769.48
620,203.7,-726.1
621,242.94,-708.67
622,516.85,-722.7
623,181.03,-809.41
624,279.78,-745.42
625,165.61,-787.43
626,1434.18,-767.82
627,263.86,-761.38
628,280.27,-775.37
629,205.65,-777.12
630,199.28,-780.2
631,309.05,-771.87
632,163.19,-794.94
633,242.51,-727.29
634,202.14,-791.35
635,196.71,-772.01
636,391.71,-785.08
637,193.6,-767.8
638,204.82,-770.61
639,188.43,-777.7
640,671.82,-812.21
641,950.08,-691.76
642,776.67,-628.4
643,625.38,-791.56
644,1010.35,-767.97
645,313.69,-724.03
646,207.23,-759.7
647,184.78,-739.18
648,206.6,-772.82
649,335.35,-601.95
650,198.26,-760.98
651,190.31,-764.14
652,212.55,-716.46
653,294.97,-693.39
654,229.51,-736.74
655,231.73,-766.4
656,400.89,-724.5
657,192.94,-772.82
658,174.33,-764.8
659,200.91,-735.67
660,250.47,-721.34
661,1348.84,-669.71
662,326.13,-711.28
663,253.53,-727.84
664,307.22,-760.11
665,238.58,-775.88
666,259.74,-725.45
667,828.66,-633.96
668,245.27,-745.46
669,391.44,-790.59
670,201.7,-746.09
671,180.13,-735.06
672,262.74,-730.19
673,410.71,-668.3
674,250.51,-760.11
675,268.73,-699.52
676,352.37,-721.88
676,306.47,-686.61
678,1506.24,-539.12
679,230.54,-740.89
680,289.28,-751.77
681,220.58,-711.91
682,206.3,-738.05
683,218.84,-782.83
684,585.15,-675.51
685,199.2,-761.03
686,219.51,-717.06
687,624.0,-765.81
688,1369.59,-745.68
689,181.73,-767.51
690,1653.26,-782.08
691,238.18,-734.98
692,551.97,-775.72
693,266.03,-693.11
694,234.08,-764.45
695,202.24,-727.73
696,185.09,-785.55
697,319.88,-779.88
698,182.98,-764.89
699,283.97,-759.5
700,808.4,-743.09
701,210.25,-762.41
702,323.91,-666.2
703,245.05,-786.78
704,336.09,-527.82
705,405.29,-651.16
706,616.09,-800.87
707,215.89,-774.83
708,382.29,-666.83
709,187.43,-774.54
710,4638.01,-494.66
711,826.56,-718.73
712,294.61,-757.94
713,314.0,-644.3
714,213.96,-760.69
715,200.88,-744.43
716,175.97,-754.41
717,275.49,-715.72
718,335.9,-768.84
719,1051.25,-285.81
720,944.19,-668.18
721,212.94,-714.52
722,232.05,-763.37
723,209.86,-754.54
724,308.79,-676.07
725,502.82,-790.22
726,226.74,-774.72
727,209.64,-722.35
728,304.66,-704.24
729,284.21,-793.76
730,181.39,-742.07
731,502.03,-722.0
732,272.68,-699.88
733,161.01,-780.47
734,232.52,-765.19
735,341.24,-713.08
736,309.96,-656.81
737,208.42,-758.76
738,247.84,-765.57
739,199.41,-770.4
740,324.58,-692.13
741,247.06,-759.09
742,230.02,-727.39
743,205.19,-735.39
744,812.04,-737.71
745,179.88,-757.44
746,224.22,-756.09
747,338.28,-747.43
748,255.18,-755.96
749,399.67,-832.54
750,656.61,-719.99
751,220.48,-729.54
752,214.36,-744.5
753,1288.21,-765.44
754,240.52,-758.85
755,266.39,-747.16
756,196.78,-739.67
757,169.57,-751.11
758,571.7,-752.6
759,181.37,-785.48
760,268.12,-649.15
761,926.08,-621.45
762,192.12,-748.85
763,213.94,-777.54
764,255.38,-719.22
765,329.54,-698.45
766,159.72,-774.88
767,223.31,-718.92
768,185.71,-749.68
769,168.03,-781.71
770,385.12,-696.6
771,180.65,-778.35
772,253.33,-779.66
773,1067.46,-550.64
774,230.71,-707.75
775,247.54,-704.83
776,314.75,-643.59
777,315.33,-757.45
778,229.62,-734.76
779,450.33,-724.29
780,382.01,-724.42
781,596.92,-710.48
782,206.54,-703.79
783,182.01,-712.23
784,266.35,-768.91
785,601.54,-771.57
786,300.25,-690.29
787,205.55,-778.23
788,201.45,-737.76
789,301.57,-764.8
790,397.35,-782.46
791,339.7,-567.51
792,224.38,-777.77
793,175.63,-758.75
794,253.61,-763.15
795,224.88,-765.9
796,190.68,-749.01
797,467.84,-716.3
798,271.86,-754.93
799,182.24,-757.11
800,216.72,-716.48
801,191.22,-725.3
802,325.47,-753.06
803,182.47,-764.49
804,168.21,-742.69
805,262.27,-631.03
806,390.9,-669.71
807,163.38,-772.44
808,484.28,-702.94
809,209.33,-776.66
810,177.1,-803.11
811,820.47,-648.08
812,222.02,-779.3
813,218.49,-779.65
814,873.41,-799.9
815,407.0,-739.83
816,194.49,-776.83
817,393.7,-798.68
818,159.83,-761.82
819,214.87,-731.67
820,172.22,-786.35
821,546.98,-730.63
822,187.65,-764.84
823,285.72,-674.57
824,345.41,-770.24
825,263.58,-725.1
826,350.52,-766.79
827,647.26,-673.55
828,220.44,-736.29
829,258.91,-687.02
830,170.09,-781.92
831,257.4,-773.62
832,404.6,-764.28
833,233.47,-767.85
834,491.09,-749.82
835,477.34,-692.06
836,174.75,-746.16
837,438.04,-733.95
838,300.65,-775.71
839,389.43,-680.58
840,366.87,-762.55
841,310.51,-717.94
842,221.97,-729.83
843,162.03,-799.45
844,274.4,-749.13
845,234.48,-778.86
846,748.35,-807.41
847,186.47,-728.72
848,160.75,-791.52
849,282.22,-684.31
850,332.74,-750.77
851,177.5,-771.3
852,172.84,-755.93
853,948.91,-675.08
854,248.85,-764.86
855,170.35,-755.08
856,336.92,-716.88
857,389.41,-629.79
858,648.07,-744.08
859,564.92,-805.89
860,716.95,-576.28
861,148.73,-769.2
862,192.63,-766.82
863,300.32,-773.2
864,357.25,-769.78
865,489.67,-684.95
866,753.63,-667.64
867,252.65,-730.87
868,267.93,-776.29
869,197.11,-779.81
870,222.57,-773.15
871,194.66,-782.69
872,832.4,-617.8
873,220.89,-774.32
874,242.18,-744.57
875,308.24,-798.86
876,173.38,-776.17
877,203.34,-754.11
878,391.48,-689.56
879,179.29,-773.15
880,204.2,-703.49
881,152.99,-794.05
882,186.92,-762.11
883,314.58,-763.3
884,232.84,-730.57
885,178.22,-800.23
886,282.63,-734.6
887,213.77,-754.49
888,498.44,-665.64
889,452.99,-628.1
890,361.92,-750.91
891,234.58,-742.45
892,229.46,-741.81
893,182.59,-781.18
894,206.58,-764.13
895,862.35,-708.19
896,1309.09,-690.32
897,221.66,-768.66
898,811.54,-790.84
899,254.23,-779.12
900,402.79,-646.48
901,173.92,-745.78
902,643.22,-739.34
903,256.37,-728.77
904,206.48,-745.05
905,178.31,-787.84
906,224.41,-773.14
907,189.77,-764.5
908,590.01,-671.94
909,175.67,-777.61
910,481.56,-582.13
911,899.04,-805.93
912,184.35,-724.19
913,230.93,-733.3
914,235.31,-703.95
915,190.01,-769.32
916,237.09,-743.6
917,186.82,-749.14
918,231.31,-766.34
919,1117.38,-796.36
920,228.56,-741.19
921,552.67,-579.18
922,1266.8,-720.41
923,234.29,-761.18
924,246.55,-719.85
925,1738.22,-713.55
926,649.52,-764.54
927,254.27,-694.69
928,617.81,-573.73
929,340.85,-763.51
930,1646.82,-736.86
931,254.9,-779.3
932,235.71,-751.47
933,775.67,-746.77
934,941.31,-812.37
935,298.3,-711.2
936,206.75,-751.55
937,274.06,-714.64
938,195.5,-734.05
939,178.02,-757.0
940,372.79,-760.57
941,193.32,-732.06
942,391.04,-630.64
943,360.81,-683.99
944,288.58,-717.7
945,174.14,-763.81
946,213.01,-756.72
947,558.83,-682.14
948,405.83,-789.82
949,279.9,-788.49
950,218.16,-785.31
951,742.1,-770.97
952,209.64,-705.58
953,282.53,-725.56
954,215.79,-708.86
955,209.27,-772.67
956,508.15,-705.79
957,176.8,-766.73
958,722.57,-744.07
959,197.28,-772.32
960,905.61,-818.88
961,170.96,-743.66
962,205.69,-745.22
963,649.92,-667.75
964,249.47,-714.77
965,318.7,-757.11
966,1272.7,-845.29
967,221.88,-772.69
968,376.18,-645.04
969,278.2,-665.72
970,652.65,-689.37
971,571.38,-694.34
972,410.18,-729.46
973,445.63,-688.47
974,186.08,-773.23
975,167.64,-762.64
976,1336.84,-739.18
977,803.68,-546.72
978,245.22,-692.74
979,251.65,-750.58
980,219.35,-729.03
981,175.83,-779.19
982,320.19,-785.06
983,193.55,-748.31
984,181.93,-716.5
985,290.77,-762.55
986,193.46,-734.3
987,201.19,-758.39
988,282.57,-710.72
989,177.15,-792.69
990,224.1,-730.1
991,198.92,-747.89
992,281.46,-729.02
993,329.81,-797.84
994,1473.38,-334.19
995,178.3,-756.5
996,194.91,-741.01
997,609.98,-687.16
998,548.69,-725.36
999,190.42,-763.54
1000,687.89,-810.76
1001,764.55,-771.78
1002,406.77,-649.93
1003,193.54,-767.51
1004,247.86,-752.24
1005,168.49,-774.29
1006,198.02,-743.59
1007,443.47,-541.41
1008,209.13,-727.0
1009,221.53,-718.54
1010,189.24,-786.24
1011,303.14,-705.73
1012,466.9,-728.23
1013,641.32,-669.84
1014,226.57,-737.56
1015,274.69,-755.96
1016,184.88,-770.33
1017,553.31,-758.91
1018,245.56,-706.39
1019,189.41,-782.02
1020,231.54,-727.27
1021,1086.32,-700.73
1022,300.76,-688.13
1023,179.46,-734.75
1024,508.69,-680.51
1025,238.66,-761.97
1026,215.71,-727.36
1027,423.88,-793.16
1028,185.82,-740.83
1029,198.69,-715.19
1030,181.6,-761.42
1031,217.29,-751.65
1032,359.6,-755.83
1033,464.92,-782.27
1034,179.84,-770.81
1035,37629.02,589.04
1036,182.91,-723.43
1037,269.88,-627.9
1038,218.76,-756.59
1039,191.28,-792.28
1040,222.2,-755.39
1041,527.24,-800.02
1042,244.8,-721.09
1043,1006.86,-776.15
1044,186.45,-752.25
1045,1184.38,-750.01
1046,364.5,-607.82
1047,286.3,-710.87
1048,325.33,-751.3
1049,466.31,-773.54
1050,178.89,-739.21
1051,184.14,-800.31
1052,236.49,-731.88
1053,391.49,-781.12
1054,172.16,-760.37
1055,431.93,-731.46
1056,267.81,-761.77
1057,185.74,-734.9
1058,911.65,-685.23
1059,285.7,-731.74
1060,1353.35,-760.2
1061,276.12,-745.71
1062,366.81,-761.08
1063,138.51,-794.06
1064,364.26,-724.31
1065,297.49,-771.53
1066,236.99,-748.19
1067,328.23,-700.04
1068,308.12,-701.98
1069,263.99,-692.9
1070,211.69,-728.23
1071,417.8,-763.38
1072,467.58,-588.02
1073,165.63,-751.18
1074,878.63,-811.31
1075,198.29,-729.73
1076,279.95,-700.87
1077,633.32,-813.69
1078,229.64,-737.65
1079,374.45,-772.83
1080,294.61,-709.93
1081,252.33,-757.67
1082,323.33,-706.48
1083,316.59,-549.9
1084,169.06,-736.49
1085,168.79,-782.7
1086,164.53,-772.87
1087,245.69,-776.56
1088,166.67,-771.89
1089,345.44,-680.52
1090,205.88,-758.64
1091,562.0,-795.5
1092,325.58,-745.36
1093,1353.4,-730.21
1094,245.13,-733.38
1095,264.36,-719.21
1096,220.17,-747.76
1097,233.54,-774.06
1098,1267.17,-654.59
1099,973.68,-821.54
1100,254.46,-766.84
1101,623.48,-772.67
1102,225.27,-675.28
1102,204.63,-787.73
1104,317.89,-799.69
1105,187.58,-768.93
1106,200.03,-756.64
1107,176.42,-770.3
1108,1621.29,-739.41
1109,830.45,-782.11
1110,243.14,-693.6
1111,227.42,-734.97
1112,793.01,-784.73
1113,247.71,-754.18
1114,258.59,-709.54
1115,235.08,-764.8
1116,278.67,-752.21
1117,176.39,-752.43
1118,238.27,-732.28
1119,314.31,-586.65
1120,204.08,-765.59
1121,187.49,-769.94
1122,382.81,-772.45
1123,230.83,-734.78
1124,144.94,-797.92
1125,233.89,-759.6
1126,580.88,-649.01
1127,2933.09,-568.25
1128,167.77,-742.43
1129,232.65,-739.21
1130,173.93,-772.14
1131,187.31,-744.44
1132,181.97,-773.69
1133,213.83,-674.57
1134,528.66,-751.08
1135,813.44,-758.49
1136,171.74,-752.5
1137,240.15,-690.86
1138,170.57,-783.33
1139,309.95,-687.25
1140,154.5,-757.34
1141,911.43,-688.38
1142,167.1,-769.99
1143,204.11,-767.81
1144,343.32,-663.69
1145,1801.33,-768.11
1146,671.29,-746.06
1147,186.11,-738.83
1148,756.68,-696.85
1149,178.03,-722.2
1150,230.26,-696.63
1151,518.18,-673.38
1152,275.05,-713.35
1153,208.38,-765.79
1154,214.39,-712.02
1155,244.95,-700.68
1156,1625.11,-528.3
1157,459.66,-814.97
1158,317.24,-656.23
1159,461.67,-753.93
1160,279.44,-727.72
1161,240.55,-760.14
1162,320.94,-693.85
1163,2068.98,-588.08
1164,320.92,-696.94
1165,987.42,-738.52
1166,265.77,-751.11
1167,870.67,-787.47
1168,238.02,-763.05
1169,1466.41,-651.79
1170,1014.15,-640.46
1171,249.25,-709.94
1172,400.73,-662.07
1173,289.96,-771.55
1174,852.98,-669.64
1175,266.56,-708.58
1176,331.89,-730.01
1177,191.14,-761.55
1178,558.35,-749.84
1179,155.98,-775.26
1180,449.12,-738.02
1181,294.43,-736.31
1182,250.11,-702.84
1183,223.05,-738.63
1184,359.61,-733.42
1185,204.94,-728.06
1186,231.5,-717.1
1187,177.58,-771.19
1188,169.51,-788.35
1189,195.16,-739.0
1190,214.71,-753.47
1191,158.5,-744.29
1192,648.64,-707.38
1193,273.71,-725.09
1194,186.88,-753.61
1195,233.31,-773.85
1196,303.56,-722.55
1197,267.14,-765.64
1198,160.31,-753.44
1199,275.49,-702.82
1200,281.07,-767.12
1201,159.89,-758.94
1202,190.58,-735.36
1203,228.26,-727.65
1204,339.96,-727.15
1205,561.23,-700.39
1206,957.26,-740.6
1207,377.77,-662.04
1208,174.83,-778.53
1209,179.19,-748.2
1210,165.14,-749.83
1211,210.55,-717.42
1212,602.09,-790.12
1213,227.53,-749.71
1214,432.07,-698.98
1215,216.12,-732.96
1216,320.22,-647.62
1217,164.56,-755.61
1218,219.94,-731.3
1219,1152.88,-737.52
1220,273.18,-706.44
1221,217.78,-696.61
1222,1242.2,-585.64
1223,195.99,-763.74
1224,440.62,-742.33
1225,150.72,-776.65
1226,197.85,-764.95
1227,781.24,-772.05
1228,211.26,-754.7
1229,492.44,-794.44
1230,182.63,-738.64
1231,2151.83,-711.81
1232,173.45,-752.95
1233,1025.8,-712.05
1234,181.27,-777.66
1235,221.16,-752.43
1236,183.35,-765.58
1237,210.8,-763.49
1238,189.3,-760.73
1239,170.84,-777.4
1240,683.75,-794.37
1241,340.57,-746.72
1242,163.98,-766.64
1243,367.74,-638.61
1244,202.94,-685.89
1245,760.66,-798.72
1246,187.11,-754.17
1247,190.97,-762.77
1248,219.97,-721.24
1249,1320.91,-287.68
1250,271.65,-760.86
1251,179.52,-727.64
1252,242.99,-686.83
1253,205.48,-745.58
1254,388.66,-769.82
1255,190.39,-730.42
1256,490.29,-798.28
1257,177.91,-770.04
1258,262.1,-673.72
1259,156.84,-763.35
1260,176.2,-807.02
1261,174.33,-758.8
1262,1473.19,-849.5
1263,369.73,-786.92
1264,260.66,-707.32
1265,192.89,-777.61
1266,185.54,-782.06
1267,274.27,-727.94
1268,266.59,-651.03
1269,236.66,-674.03
1270,273.39,-762.0
1271,195.57,-778.88
1272,2056.58,-702.61
1273,265.84,-763.16
1274,44300.11,479.8
1275,366.01,-747.91
1276,170.97,-743.8
1277,170.03,-745.76
1278,230.79,-771.35
1279,188.64,-743.29
1280,737.71,-695.81
1281,199.0,-667.43
1282,220.68,-763.91
1283,772.8,-710.89
1284,1103.41,-703.37
1285,589.63,-723.86
1286,45080.92,1838.41
1287,190.0,-746.87
1288,197.59,-732.14
1289,451.66,-584.57
1290,304.27,-646.33
1291,152.87,-784.9
1292,325.16,-770.55
1293,464.73,-726.71
1294,233.6,-788.4
1295,538.27,-794.07
1296,667.08,-623.51
1297,244.9,-658.3
1298,192.66,-754.19
1299,344.52,-724.93
1300,333.52,-683.57
1301,264.45,-776.18
1302,289.65,-718.9
1303,254.84,-664.27
1304,866.56,-719.37
1305,217.85,-795.16
1306,195.46,-774.52
1307,170.63,-784.75
1308,3617.06,-505.59
1309,696.44,-827.08
1310,219.12,-753.93
1311,427.89,-701.47
1312,692.31,-782.36
1313,166.27,-797.21
1314,265.91,-765.3
1315,172.58,-720.01
1316,3196.35,-628.6
1317,246.39,-684.22
1318,199.48,-728.39
1319,172.95,-768.67
1320,304.58,-714.98
1321,1846.23,-788.71
1322,181.82,-759.86
1323,2468.04,-605.9
1324,1230.2,-759.93
1325,152.91,-789.11
1326,338.87,-788.44
1327,170.21,-774.09
1328,366.58,-723.78
1329,180.67,-769.36
1330,603.61,-816.77
1331,237.47,-650.3
1332,181.31,-752.88
1333,314.75,-701.59
1334,428.59,-686.26
1335,608.66,-731.34
1336,599.44,-780.02
1337,574.73,-751.33
1338,164.69,-751.43
1339,527.62,-610.43
1340,258.67,-762.82
1341,279.62,-738.67
1342,242.56,-764.76
1343,259.49,-746.7
1344,3361.51,-644.85
1345,226.57,-755.5
1346,212.71,-715.61
1347,237.55,-754.25
1348,170.15,-757.6
1349,692.32,-761.27
1350,2351.24,-387.06
1351,152.09,-767.01
1352,188.8,-731.33
1353,409.31,-737.78
1354,1659.69,-575.92
1355,254.91,-701.15
1356,630.03,-700.57
1357,856.19,-690.99
1358,209.84,-748.76
1359,637.35,-726.3
1360,377.92,-751.11
1361,923.15,-802.23
1362,1088.84,-767.9
1363,354.99,-769.23
1364,174.52,-763.73
1365,172.94,-731.92
1366,378.82,-703.93
1367,467.42,-755.92
1368,567.67,-765.49
1369,191.68,-705.66
1370,168.39,-754.77
1371,45114.32,1599.27
1372,424.21,-755.53
1373,848.86,-789.9
1374,328.21,-712.73
1375,225.86,-770.93
1376,4792.41,-656.57
1377,253.2,-754.56
1378,156.49,-740.62
1379,242.93,-723.37
1380,716.19,-619.02
1381,200.33,-745.16
1382,207.25,-685.89
1383,155.51,-795.8
1384,683.88,-642.95
1385,296.59,-782.69
1386,229.2,-741.53
1387,152.22,-781.72
1388,3778.21,-552.01
1389,179.94,-727.64
1390,366.95,-702.35
1391,176.45,-750.82
1392,186.36,-756.1
1393,1200.16,-816.37
1394,187.74,-781.01
1395,1872.59,-553.97
1396,416.9,-729.12
1397,1324.5,-637.9
1398,2814.57,-696.05
1399,344.75,-696.64
1400,202.33,-713.42
1401,217.91,-734.73
1402,1166.22,-729.63
1403,900.49,-685.88
1404,1526.03,-791.14
1405,241.9,-758.73
1406,239.21,-754.69
1407,1676.52,-723.28
1408,278.31,-724.09
1409,174.27,-771.18
1410,257.38,-663.68
1411,714.79,-757.7
1412,839.39,-674.56
1413,549.65,-632.27
1414,211.49,-751.58
1415,558.46,-602.33
1416,317.02,-652.0
1417,1284.02,-747.45
1418,166.03,-755.44
1419,187.62,-765.47
1420,790.63,-656.19
1421,607.81,-753.68
1422,188.91,-736.11
1423,379.11,-755.79
1424,635.73,-810.24
1425,379.93,-716.1
1426,381.49,-621.28
1427,2187.5,-482.36
1428,252.46,-697.42
1429,337.5,-795.31
1430,1089.81,-756.28
1431,1946.29,-732.41
1432,831.9,-656.3
1433,403.3,-716.45
1434,161.81,-776.14
1435,1790.09,-646.46
1436,1452.54,-777.81
1437,259.67,-707.59
1438,184.73,-743.48
1439,554.73,-730.45
1440,446.89,-805.57
1441,417.56,-714.0
1442,396.1,-777.11
1443,335.71,-667.35
1444,224.39,-713.5
1445,188.82,-763.49
1446,281.96,-628.95
1447,480.41,-509.75
1448,486.86,-769.4
1449,707.06,-797.32
1450,1286.49,-826.58
1451,228.7,-730.34
1452,250.97,-758.17
1453,167.85,-776.3
1454,348.54,-779.83
1455,204.85,-757.19
1456,497.95,-534.51
1457,340.18,-745.08
1458,174.54,-753.11
1459,228.26,-721.05
1460,295.36,-706.95
1461,156.32,-783.92
1462,223.61,-711.87
1463,1621.71,-679.92
1464,203.73,-770.36
1465,880.41,-644.5
1466,149.21,-723.45
1467,222.43,-775.65
1468,707.38,-723.23
1469,160.83,-768.42
1470,1515.81,-709.47
1471,36193.77,-37.58
1472,235.3,-719.24
1473,207.25,-762.02
1474,502.37,-710.28
1475,861.89,-716.61
1476,241.34,-730.79
1477,45210.75,2204.56
1478,1445.44,-753.88
1479,1047.92,-744.03
1480,1289.35,-713.24
1481,809.36,-789.56
1482,193.71,-723.82
1483,393.99,-701.52
1484,182.53,-745.83
1485,790.97,-665.0
1486,213.53,-725.42
1487,785.14,-574.06
1488,150.98,-780.9
1489,1424.16,-743.15
1490,193.05,-783.01
1491,425.4,-761.55
1492,991.75,-620.79
1493,910.38,-766.1
1494,268.66,-767.63
1495,3760.39,-522.27
1496,211.78,-714.09
1497,1966.21,-616.98
1498,397.37,-713.96
1499,684.97,-747.32
1500,908.01,-733.93
1501,1282.74,-811.33
1502,358.3,-735.57
1503,207.64,-722.28
1504,2606.44,-804.26
1505,586.23,-796.93
1506,263.53,-757.71
1507,214.1,-713.81
1508,254.36,-773.53
1509,227.85,-736.54
1510,533.41,-609.13
1511,240.65,-732.6
1512,709.12,-663.39
1513,177.13,-768.86
1514,1168.35,-737.59
1515,233.23,-673.14
1516,1022.31,-706.03
1517,197.78,-768.43
1518,1935.8,-717.76
1519,45171.01,1158.12
1520,161.24,-778.22
1521,319.73,-737.19
1522,605.01,-781.75
1523,134.57,-775.0
1524,169.56,-760.3
1525,223.58,-754.78
1526,616.9,-794.1
1527,714.98,-754.77
1528,951.86,-580.89
1529,156.57,-778.61
1530,186.51,-745.73
1531,270.15,-776.64
1532,45054.95,2033.12
1533,237.15,-748.39
1534,3726.13,-619.56
1535,800.99,-651.68
1536,555.3,-748.46
1537,245.03,-770.42
1538,535.25,-744.35
1539,1467.16,-783.36
1540,170.91,-734.15
1541,369.31,-723.96
1542,870.83,-623.95
1543,470.62,-783.39
1544,1032.12,-674.5
1545,1245.25,-819.11
1546,782.74,-748.59
1547,203.58,-760.76
1548,262.69,-757.78
1549,679.41,-665.39
1550,244.16,-708.26
1551,166.73,-764.33
1552,3618.4,-778.01
1553,193.0,-760.42
1554,365.06,-733.0
1555,1092.43,-688.4
1556,43868.47,-4.1
1557,844.85,-718.11
1558,171.98,-785.88
1559,159.73,-754.84
1560,180.13,-770.46
1561,935.11,-760.59
1562,45235.92,1510.08
1563,42016.8,213.51
1564,42846.42,-603.97
1565,902.9,-781.46
1566,777.39,-816.18
1567,979.43,-679.18
1568,677.88,-782.98
1569,3517.15,-568.77
1570,234.89,-687.32
1571,632.78,-814.0
1572,711.72,-793.52
1573,207.93,-740.12
1574,1116.11,-531.48
1575,366.3,-733.54
1576,622.05,-802.54
1577,1010.89,-798.25
1578,783.11,-700.92
1579,45054.82,1705.5
1580,916.58,-703.13
1581,353.92,-611.18
1582,185.73,-764.59
1583,256.48,-725.8
1584,247.41,-778.64
1585,256.98,-666.18
1586,4217.33,-584.75
1587,953.81,-697.08
1588,184.15,-776.7
1589,459.58,-681.8
1590,254.07,-738.52
1591,45182.84,732.54
1592,538.43,-773.92
1593,2388.4,-782.23
1594,252.92,-768.29
1595,161.79,-776.5
1596,177.11,-773.55
1597,235.12,-751.83
1598,286.29,-694.97
1599,3390.09,-754.66
1600,194.35,-730.33
1601,213.72,-709.62
1602,665.52,-702.58
1603,691.99,-663.61
1604,1075.14,-719.37
1605,872.53,-759.18
1606,169.08,-750.59
1607,1497.56,-719.15
1608,42948.16,54.51
1609,267.19,-681.56
1610,45144.52,1275.85
1611,473.72,-718.13
1612,45168.94,1317.61
1613,310.45,-761.67
1614,35903.31,247.1
1615,1524.1,-701.82
1616,802.06,-583.19
1617,1800.55,-737.49
1618,40384.54,-1.15
1619,680.76,-725.56
1620,334.44,-713.72
1621,45027.96,1948.53
1622,2216.01,-697.27
1623,1653.73,-702.59
1624,257.49,-699.28
1625,44745.67,157.63
1626,45137.16,2053.76
1627,39622.96,87.95
1628,592.81,-750.74
1629,748.22,-645.79
1630,2958.76,-667.77
1631,45265.93,1265.3
1632,786.44,-748.3
1633,3779.01,-790.45
1634,38138.87,-174.19
1635,45246.31,439.73
1636,1943.97,-771.83
1637,2687.0,-655.7
1638,185.1,-746.25
1639,950.64,-742.86
1640,1186.97,-772.82
1641,1033.08,-818.16
1642,972.06,-691.83
1643,3391.07,-793.41
1644,181.07,-764.31
1645,204.6,-735.56
1646,2051.2,-779.52
1647,45182.01,882.55
1648,239.73,-770.48
1649,804.25,-690.78
1650,3938.94,-873.69
1651,45082.55,1073.7
1652,41829.81,-441.36
1653,532.37,-705.63
1654,39283.54,233.35
1655,1492.81,-812.98
1656,43606.0,-116.8
1657,45167.18,912.87
1658,34747.2,-239.74
1659,292.62,-667.62
1660,2192.05,-737.7
1661,37478.23,-741.8
1662,395.96,-728.8
1663,215.74,-713.74
1664,45118.28,1683.69
1665,45165.18,1095.54
1666,927.03,-692.9
1667,848.31,-619.83
1668,280.83,-757.63
1669,45046.41,1760.7
1670,1887.01,-797.7
1671,45118.11,1281.35
1672,1346.3,-719.13
1673,1530.44,-733.14
1674,1340.76,-673.66
1675,980.0,-694.72
1676,252.88,-731.49
1677,3138.96,-727.13
1678,679.72,-704.28
1679,593.9,-722.01
1680,242.06,-708.83
1681,45158.37,716.61
1682,45112.0,2363.45
1683,41200.49,-582.77
1684,39213.11,-125.68
1685,45118.85,1517.63
1686,43012.68,-202.77
1687,196.97,-710.96
1688,171.51,-761.27
1689,3069.74,-742.15
1690,35438.51,-762.61
1691,45086.01,1249.7
1692,45042.04,932.01
1693,44619.22,375.49
1694,689.55,-715.25
1695,2306.37,-853.74
1696,3735.7,-392.91
1697,789.36,-720.38
1698,812.74,-725.49
1699,34794.65,-465.96
1700,45286.49,1093.34
1701,44323.71,71.45
1702,42444.04,-110.24
1703,907.27,-704.54
1704,45152.16,880.26
1705,189.7,-744.13
1706,41310.65,113.74
1707,45093.46,1250.22
1708,45156.2,1364.68
1709,42901.55,-276.35
1710,41027.52,-488.06
1711,757.81,-765.63
1712,45084.41,1116.58
1713,45105.62,1135.66
1714,45086.81,1421.92
1715,45087.81,649.97
1716,789.27,-729.2
1717,44598.64,155.25
1718,43429.77,-820.47
1719,34778.27,-604.75
1720,44790.44,-113.39
1721,45202.69,2206.68
1722,160.77,-763.42
1723,41275.82,89.56
1724,45018.25,1480.62
1725,41455.35,-252.84
1726,42224.23,74.59
1727,45192.12,1063.66
1728,38263.73,-218.26
1729,763.89,-702.86
1730,45077.76,1604.54
1731,942.11,-611.38
1732,45109.01,2196.78
1733,45098.15,1347.6
1734,45247.07,1075.42
1735,45183.46,1064.85
1736,44659.1,58.76
1737,364.75,-670.68
1738,45075.46,1061.72
1739,45022.89,1600.42
1740,40527.1,-538.1
1741,45003.18,1741.18
1742,45103.44,1284.85
1743,4791.57,-698.69
1744,42357.02,-220.33
1745,2537.9,-617.52
1746,45039.58,995.61
1747,44673.0,-222.91
1748,45107.88,2263.09
1749,220.48,-714.53
1750,45201.44,1498.98
1751,45274.77,988.9
1752,45084.97,1650.59
1753,45115.23,1722.32
1754,39649.49,-458.74
1755,45118.3,1149.59
1756,45068.07,1311.86
1757,45052.21,1922.76
1758,611.73,-645.29
1759,45035.26,1897.81
1760,45087.91,939.68
1761,45226.23,1624.55
1762,866.93,-608.78
1763,36021.44,-376.22
1764,45114.4,1895.78
1765,43573.77,-180.76
1766,44147.59,14.09
1767,45139.89,1450.43
1768,37108.98,178.51
1769,858.8,-688.87
1770,38155.42,-254.23
1771,44840.02,84.37
1772,2837.58,-627.41
1773,45167.51,1562.53
1774,1914.85,-725.05
1775,45104.71,728.89
1776,1503.86,-501.94
1777,45077.87,1221.48
1778,45185.23,828.95
1779,1477.8,-633.36
1780,37392.24,-342.79
1781,45033.07,1425.53
1782,45295.3,1101.92
1783,43475.28,332.45
1784,45064.19,1791.78
1785,39223.18,-488.48
1786,45128.77,905.81
1787,44885.74,-31.89
1788,45215.26,2140.96
1789,39165.77,-303.23
1790,45111.74,2208.66
1791,1028.16,-736.53
1792,34890.44,102.68
1793,42153.44,-168.3
1794,39515.53,-175.44
1795,45042.98,1494.78
1796,45118.27,1357.63
1797,45104.23,954.85
1798,45100.48,1273.1
1799,38217.53,-130.35
1800,44714.4,-535.15
1801,45135.0,1110.03
1802,43586.41,-68.21
1803,45001.52,1426.19
1804,38932.79,-113.11
1805,45170.12,1792.04
1806,45146.77,820.09
1807,45220.02,1457.65
1808,45074.48,1403.55
1809,45187.17,990.25
1810,45046.01,1818.6
1811,794.44,-696.22
1812,45003.31,2342.64
1813,45092.33,1070.43
1814,45116.97,938.2
1815,45228.28,1016.17
1816,44690.25,437.69
1817,45089.57,1681.63
1818,45037.77,1717.77
1819,43241.68,199.57
1820,39430.38,-86.45
1821,43625.37,-44.34
1822,39478.65,-26.59
1823,45090.23,2031.27
1824,45058.4,1846.59
1825,45028.4,944.57
1826,44648.59,-126.83
1827,45152.54,1635.81
1828,45082.26,688.3
1829,45134.59,1424.8
1830,45081.89,1234.88
1831,45042.65,2016.89
1832,45089.05,1477.78
1833,39852.13,-184.88
1834,45037.33,1100.41
1835,44644.46,-170.34
1836,45119.94,1211.87
1837,45067.75,1580.95
1838,45042.25,1261.58
1839,45147.02,1241.3
1840,42043.11,-259.53
1841,669.37,-658.55
1842,36747.49,-356.27
1843,45209.22,1996.44
1844,45192.73,1958.4
1845,45160.85,1741.22
1846,44294.04,-114.52
1847,45116.52,1171.09
1848,44948.94,91.67
1849,45219.75,1088.45
1850,45052.31,1854.91
1851,45091.95,1192.62
1852,38790.02,-120.24
1853,45203.55,2313.18
1854,42676.44,-469.09
1855,44067.29,-71.88
1856,43882.55,-95.04
1857,45155.07,1421.75
1858,45087.64,1527.83
1859,45086.29,1726.82
1860,45049.97,1266.77
1861,45199.52,1765.92
1862,45086.67,945.72
1863,43617.54,-229.62
1864,45085.08,1845.03
1865,45088.63,1240.06
1866,45087.54,828.84
1867,45072.95,1238.23
1868,44345.3,-55.09
1869,45178.24,1479.57
1870,40899.98,-274.68
1871,45210.18,2166.28
1872,43126.28,-276.39
1873,45072.28,1825.52
1874,40644.67,137.56
1875,42048.76,-24.29
1876,41530.27,-184.44
1877,39209.76,-9.64
1878,45093.41,1202.2
1879,45193.62,1683.6
1880,41796.37,140.13
1881,45034.93,1682.95
1882,43391.88,73.64
1883,45198.24,1817.64
1884,41455.96,-263.38
1885,39744.19,-412.99
1886,45201.66,937.67
1887,45163.55,2120.46
1888,44424.5,-196.51
1889,45186.7,1316.8
1890,45251.22,1782.92
1891,42805.08,-468.65
1892,37447.54,-162.22
1893,45234.7,1003.64
1894,45056.98,1404.55
1895,45054.0,1170.2
1896,42114.05,-0.41
1897,45173.03,1510.29
1898,45104.79,1687.81
1899,39851.47,142.27
1900,45172.13,1943.93
1901,45225.77,1390.57
1902,38938.7,-681.92
1903,45094.68,1373.71
1904,45104.39,1589.91
1905,44482.14,85.49
1906,45053.03,2130.31
1907,43455.45,22.8
1908,45060.27,1303.87
1909,45310.87,935.59
1910,41807.12,51.8
1911,43684.89,-381.4
1912,45174.8,595.62
1913,42739.3,-245.58
1914,45153.17,1013.71
1915,45231.87,1967.58
1916,43709.49,-32.93
1917,42697.3,-80.42
1918,45075.44,1586.52
1919,45128.9,954.59
1920,44677.74,-21.01
1921,40720.78,42.13
1922,45078.75,1656.46
1923,45108.53,1649.43
1924,45170.74,1356.44
1925,45016.49,1717.94
1926,40350.71,-195.11
1927,37126.55,-161.7
1928,45173.44,1774.07
1929,40808.33,-148.23
1930,41318.33,-153.92
1931,45059.19,1253.56
1932,45357.6,1759.56
1933,45064.52,1472.88
1934,44454.08,-175.26
1935,45169.96,1132.58
1936,45122.05,2028.92
1937,43276.72,-48.55
1938,618.45,-660.76
1939,45224.09,1430.43
1940,39101.81,-322.24
1941,45064.26,1572.71
1942,45183.08,1407.96
1943,45221.41,1472.15
1944,45152.23,2295.97
1945,40938.71,-208.97
1946,45081.96,1952.76
1947,40582.63,-92.91
1948,45201.62,1504.68
1949,45196.52,1146.57
1950,43040.62,-39.47
1951,45388.65,1900.94
1952,38885.32,43.6
1953,45157.11,2111.35
1954,45171.6,1272.26
1955,44158.3,3.93
1956,42585.14,65.1
1957,45240.74,1751.78
1958,45062.2,2125.27
1959,42034.17,-347.87
1960,45085.83,2136.48
1961,45121.26,2010.88
1962,43257.46,-255.81
1963,39015.08,-108.95
1964,44636.49,28.04
1965,40839.22,-12.94
1966,45159.77,2243.18
1967,45147.2,1969.01
1968,40340.61,-89.61
1969,38073.3,119.73
1970,43621.16,-199.46
1971,45300.62,1565.12
1972,45082.88,1459.04
1973,38813.61,16.03
1974,45057.06,1690.21
1975,45099.16,1162.57
1976,45091.8,1559.76
1977,45043.41,1587.94
1978,45127.63,1927.38
1979,41939.62,140.66
1980,45017.75,2098.69
1981,41057.51,244.84
1982,41518.05,229.27
1983,40758.07,81.76
1984,45126.0,2135.27
1985,45048.16,1623.69
1986,45068.75,1878.04
1987,45271.74,1233.85
1988,45023.62,1419.74
1989,44701.22,-19.91
1990,44308.16,-41.01
1991,45072.99,864.56
1992,45154.69,2180.22
1993,45028.75,1475.45
1994,45094.46,923.14
1995,45153.97,1655.74
1996,43250.19,-220.82
1997,45203.0,1356.15
1998,45123.14,1501.73
1999,38070.95,-35.21
2000,45059.17,816.85
