0,199.86,-772.89
1,199.6,-848.59
2,259.13,-912.62
3,302.19,-771.72
4,272.41,-788.54
5,330.82,-775.44
6,452.99,-808.72
7,534.16,-761.3
8,503.46,-732.49
9,689.1,-753.1
10,670.17,-755.61
11,250.88,-770.6
12,325.31,-746.39
13,294.52,-754.36
14,265.57,-775.16
15,308.32,-741.07
16,184.37,-826.92
17,236.27,-804.44
18,836.04,-795.76
19,841.57,-573.28
20,961.67,-589.41
21,4862.16,-714.8
22,252.46,-770.41
23,231.53,-747.8
24,359.31,-706.57
25,381.54,-630.68
26,439.71,-660.85
27,263.47,-762.41
28,213.59,-753.89
29,257.75,-803.01
30,458.39,-679.76
31,1168.79,-657.63
32,259.91,-792.95
33,1523.17,-606.36
34,833.63,-736.64
35,326.07,-737.81
36,2203.98,-672.71
37,1208.06,-704.49
38,414.1,-711.52
39,370.95,-716.12
40,303.87,-769.65
40,474.65,-739.24
42,227.55,-757.48
43,473.45,-630.19
44,250.06,-736.25
45,317.52,-763.41
46,574.23,-671.33
47,517.12,-800.97
48,231.41,-858.99
49,316.78,-798.57
50,177.0,-784.73
51,913.14,-746.16
52,262.85,-744.34
53,1392.47,-821.93
54,783.04,-754.47
55,1761.01,-654.22
56,261.36,-742.6
57,287.18,-766.74
58,246.43,-779.03
59,707.66,-803.36
60,4273.74,-629.85
61,239.64,-788.26
62,4860.54,-637.31
63,191.1,-792.12
64,296.72,-743.37
65,44231.73,-307.35
66,419.52,-736.08
67,306.25,-764.45
68,883.39,-778.08
69,461.1,-616.93
70,245.42,-794.78
70,300.22,-748.88
72,370.85,-731.26
73,699.63,-708.59
74,326.52,-806.26
75,397.88,-730.11
76,726.81,-682.0
77,389.96,-789.79
78,279.86,-781.13
79,230.13,-730.86
80,1917.2,-637.32
81,371.14,-694.65
82,386.71,-802.51
83,299.5,-681.12
84,261.06,-766.57
85,785.76,-789.55
86,363.4,-698.82
87,263.3,-779.88
88,341.79,-733.64
89,500.18,-713.8
90,465.11,-639.41
91,416.25,-681.5
92,205.55,-779.16
93,371.48,-712.02
94,1667.42,-537.99
95,1752.15,-554.5
96,770.06,-740.51
97,412.97,-689.27
98,305.93,-723.63
99,287.31,-751.37
100,4554.88,-564.82
101,653.57,-790.4
102,245.37,-732.46
103,594.71,-722.47
104,177.16,-809.01
105,393.55,-802.44
106,794.81,-656.91
107,178.84,-796.61
108,39005.29,-360.55
109,313.61,-776.17
110,36980.51,-756.52
111,195.52,-802.0
112,188.6,-767.05
113,348.65,-746.63
114,3032.89,-575.1
115,244.03,-788.46
116,1352.38,-679.01
117,962.22,-614.62
118,448.21,-644.85
119,296.8,-731.21
120,852.32,-809.98
121,586.59,-696.99
122,243.93,-763.65
123,307.5,-722.05
124,292.13,-778.23
125,482.3,-675.3
126,220.15,-753.6
127,245.81,-757.49
128,273.67,-778.15
129,216.17,-793.18
130,332.34,-725.57
131,194.76,-800.41
132,176.09,-766.91
133,267.09,-739.31
134,219.15,-747.99
135,899.74,-670.37
136,308.61,-727.98
137,349.04,-686.69
138,234.99,-750.72
139,205.07,-773.56
140,326.53,-640.56
141,821.95,-685.98
142,233.61,-823.86
143,367.71,-694.52
144,230.15,-776.98
145,256.36,-741.78
146,357.07,-661.26
147,472.21,-656.35
148,288.02,-821.33
149,334.84,-782.32
150,240.53,-736.55
151,298.14,-772.98
152,570.73,-781.45
153,206.49,-873.59
154,185.99,-755.74
155,345.88,-776.97
156,288.24,-760.06
157,222.16,-783.28
158,610.11,-767.14
159,257.98,-766.78
160,820.42,-617.15
161,308.23,-759.2
162,471.71,-609.57
163,297.6,-742.09
164,1717.86,-704.97
165,210.47,-776.82
166,646.66,-688.86
167,251.56,-729.0
168,295.59,-784.71
169,505.12,-684.2
170,717.73,-804.89
171,510.42,-767.12
172,635.93,-610.92
173,242.68,-748.88
174,296.5,-762.21
175,444.5,-705.16
176,472.39,-771.7
177,279.33,-715.45
178,417.08,-685.81
179,307.16,-712.0
180,334.45,-735.61
181,325.8,-752.36
182,244.18,-771.27
183,1769.54,-441.59
184,220.78,-736.76
185,219.33,-775.03
186,567.21,-690.3
187,432.63,-775.3
188,1413.16,-558.75
189,907.67,-686.91
190,498.08,-739.15
191,416.52,-684.46
192,291.28,-792.95
193,298.55,-759.11
194,256.65,-733.97
195,2219.17,-758.74
196,228.13,-795.52
197,630.8,-624.5
198,1299.36,-762.55
199,4519.08,-576.3
200,195.38,-751.65
201,433.18,-628.25
202,460.85,-652.41
203,333.65,-789.1
204,304.75,-693.27
205,245.7,-707.3
206,276.77,-786.29
207,317.74,-777.56
208,386.18,-723.59
209,427.97,-723.72
210,354.87,-708.17
211,218.11,-752.21
212,229.9,-775.69
213,497.62,-587.75
214,204.75,-752.69
215,183.97,-821.71
216,222.91,-783.43
217,1835.94,-722.51
218,3313.9,-367.3
219,211.03,-785.27
220,284.6,-750.57
221,437.82,-728.96
222,192.04,-782.27
223,367.98,-668.48
224,259.03,-714.11
225,355.87,-776.27
226,435.03,-559.24
227,489.68,-737.68
228,230.49,-756.4
229,1284.14,-668.51
230,458.0,-722.38
231,357.87,-733.98
232,178.04,-775.44
233,294.55,-761.65
234,379.03,-775.8
235,445.89,-842.94
236,393.6,-632.86
237,177.94,-829.49
238,247.27,-745.94
239,243.04,-773.9
240,418.72,-703.16
241,174.12,-805.52
242,203.37,-825.54
243,352.12,-778.17
244,827.17,-639.24
245,842.45,-631.27
246,181.69,-807.23
247,295.01,-757.91
248,535.68,-823.87
249,388.7,-763.33
250,695.59,-572.23
251,276.34,-726.49
251,225.03,-775.88
253,197.83,-768.46
254,496.2,-737.0
255,183.77,-771.8
256,250.31,-759.85
257,2308.92,-738.02
258,1615.05,-539.28
259,505.81,-599.82
260,376.06,-696.37
261,218.67,-789.82
262,412.05,-690.59
263,568.96,-593.93
264,238.43,-748.37
265,406.14,-776.5
266,274.51,-726.21
267,172.38,-833.46
268,899.86,-689.72
269,2030.34,-615.23
270,390.96,-673.1
271,528.33,-627.8
272,194.7,-790.33
273,396.34,-641.69
274,305.02,-673.33
275,1042.66,-767.41
276,2929.59,-454.2
277,192.42,-793.91
278,252.25,-694.12
279,199.76,-770.42
280,483.09,-720.24
281,1991.44,-583.4
282,230.01,-753.17
283,185.57,-768.3
284,189.26,-794.2
285,657.85,-771.77
286,302.82,-818.34
287,767.74,-702.71
288,1126.88,-760.04
289,1272.02,-772.92
290,29708.65,-1121.13
291,228.42,-760.5
292,417.8,-730.61
293,2110.95,-715.74
294,326.07,-660.27
295,278.5,-650.87
296,285.38,-651.8
297,274.62,-728.44
298,386.48,-751.47
299,302.69,-761.33
300,185.16,-840.45
301,388.72,-797.67
301,423.38,-726.85
303,291.65,-771.91
304,291.95,-764.19
305,409.82,-748.46
306,1310.85,-676.0
307,201.24,-757.41
308,447.62,-726.46
309,234.85,-752.35
309,337.49,-799.75
311,295.01,-683.18
312,277.73,-764.5
313,284.71,-784.37
314,735.81,-612.66
315,197.81,-767.57
316,227.77,-754.99
317,308.91,-681.11
318,497.11,-678.54
319,869.31,-737.36
320,223.86,-762.43
321,198.47,-792.03
322,434.57,-643.36
323,308.91,-755.16
324,502.08,-725.97
325,209.92,-760.49
326,242.94,-732.7
327,4927.09,-599.17
328,395.13,-727.89
329,195.06,-763.85
330,319.31,-791.1
331,241.21,-783.87
332,516.26,-755.21
333,387.93,-756.92
334,1368.08,-725.04
335,196.57,-740.39
336,455.92,-686.54
337,599.97,-639.64
338,215.28,-749.89
339,262.84,-764.13
340,210.16,-778.74
341,202.91,-839.31
342,217.12,-772.79
343,346.79,-746.01
344,321.3,-695.3
345,362.76,-779.69
346,655.9,-639.27
347,218.8,-732.8
348,1052.55,-715.29
349,328.74,-765.44
350,358.25,-627.3
351,205.2,-767.61
352,259.73,-729.22
353,222.4,-808.04
354,188.21,-788.15
355,326.05,-741.33
356,214.08,-785.07
357,433.36,-699.45
358,1124.03,-438.32
359,306.7,-650.41
360,884.53,-669.77
361,368.9,-666.99
362,187.82,-806.81
363,208.35,-752.16
364,409.7,-606.95
365,618.05,-619.91
366,435.74,-706.71
367,329.3,-686.51
368,380.1,-653.27
369,873.88,-657.59
370,541.68,-769.5
371,212.75,-772.18
372,306.35,-746.52
373,468.87,-649.49
374,708.48,-695.28
375,1375.89,-594.36
376,228.54,-799.85
377,408.46,-615.82
378,318.11,-670.39
379,1525.94,-759.58
380,1958.41,-698.61
381,327.28,-782.06
382,200.2,-818.56
383,225.39,-751.94
384,501.84,-753.27
385,1746.15,-542.98
386,811.67,-698.41
387,1108.75,-660.98
388,499.82,-561.79
389,319.48,-708.52
390,282.38,-731.83
391,237.08,-784.69
392,519.76,-777.02
393,202.9,-778.36
394,331.16,-755.51
395,424.37,-704.88
396,296.3,-743.9
397,211.64,-740.94
398,343.78,-777.22
399,356.28,-660.13
400,349.06,-702.9
401,303.86,-739.94
402,303.76,-663.35
403,244.57,-743.23
404,226.51,-748.92
405,311.35,-724.15
406,216.67,-755.12
407,321.11,-687.91
408,453.03,-782.43
409,471.78,-794.66
410,286.23,-730.81
411,722.65,-576.8
412,236.5,-733.78
413,271.13,-693.03
414,303.53,-724.13
415,509.37,-760.98
416,2047.49,-786.84
417,251.74,-740.4
418,269.48,-784.18
419,207.47,-798.05
420,346.25,-694.38
421,961.74,-598.89
422,205.16,-755.16
423,286.46,-691.59
424,1105.6,-754.99
425,219.11,-769.65
426,3935.92,-690.83
427,627.05,-580.38
428,176.41,-801.34
429,251.16,-785.68
430,421.4,-705.44
431,470.06,-761.55
432,201.67,-770.48
433,1874.6,-726.03
434,165.79,-772.18
435,239.51,-730.53
436,261.69,-685.45
437,223.85,-804.14
438,244.48,-778.33
439,293.24,-765.08
440,214.9,-774.01
441,269.4,-729.45
442,207.25,-763.23
443,534.27,-622.93
444,575.12,-524.77
445,256.21,-758.68
446,173.1,-773.54
447,197.91,-761.68
448,257.33,-709.15
449,196.67,-760.19
450,340.02,-799.04
451,182.18,-765.03
452,347.41,-651.58
453,162.89,-772.69
454,328.79,-682.61
455,173.73,-783.73
456,248.13,-767.74
457,197.62,-792.48
458,262.34,-743.81
459,341.06,-715.73
460,3335.9,-529.14
461,212.34,-764.29
462,496.34,-722.01
463,260.38,-708.88
464,364.24,-628.74
465,341.34,-686.49
466,196.51,-760.11
467,1373.2,-773.91
468,243.48,-739.77
469,181.98,-817.46
470,600.6,-601.77
471,651.12,-657.16
472,370.77,-729.98
473,964.04,-659.3
474,197.19,-759.16
475,198.36,-785.82
476,457.22,-666.27
477,187.91,-783.35
478,341.69,-661.94
479,250.79,-751.38
480,210.11,-740.04
481,370.12,-674.67
482,178.72,-808.68
483,430.96,-627.36
484,213.03,-759.91
485,536.45,-746.09
486,1388.77,-530.09
487,240.28,-749.84
488,161.8,-762.04
489,1020.49,-551.46
490,295.34,-680.04
491,187.17,-772.26
492,302.95,-658.89
493,220.58,-781.9
494,870.64,-547.32
495,207.28,-793.51
496,259.15,-780.03
497,347.68,-744.95
498,953.86,-600.66
499,622.6,-763.31
500,230.02,-750.26
501,227.65,-803.41
502,294.77,-715.57
503,303.9,-734.02
504,345.45,-757.49
505,226.89,-770.15
506,365.47,-765.86
507,237.72,-787.79
508,358.5,-802.07
509,438.88,-703.55
510,875.41,-768.51
511,317.65,-727.48
512,200.75,-795.54
513,391.97,-804.52
514,254.49,-760.8
515,643.51,-685.31
516,426.93,-619.05
517,260.84,-746.69
518,334.94,-744.23
519,249.6,-750.96
520,335.35,-768.58
520,188.87,-791.7
522,215.92,-768.04
523,691.94,-682.58
524,229.89,-803.49
525,999.99,-718.72
526,483.93,-621.03
527,178.31,-766.86
528,352.62,-663.02
529,248.51,-733.35
530,184.88,-780.3
531,306.03,-719.62
532,384.19,-697.74
533,257.95,-729.42
534,400.95,-748.73
535,856.62,-633.95
536,340.13,-705.49
537,809.99,-804.1
538,274.47,-711.23
539,225.27,-712.57
540,187.4,-761.89
541,260.66,-789.64
542,213.19,-735.33
543,200.89,-763.84
544,188.18,-773.08
545,257.33,-722.48
546,196.55,-781.44
547,224.27,-756.27
548,2298.65,-667.61
549,222.15,-742.54
550,311.28,-737.86
551,454.69,-685.55
552,178.23,-787.6
553,179.36,-775.01
554,757.59,-619.36
555,734.79,-730.21
556,1301.34,-570.89
557,252.68,-781.33
558,544.06,-719.86
559,349.68,-666.67
560,211.47,-748.43
561,173.81,-804.09
562,267.98,-758.6
563,250.82,-727.87
564,205.19,-805.85
565,1055.92,-727.69
566,302.22,-689.54
567,269.51,-757.64
568,201.73,-765.64
569,205.48,-771.7
570,240.26,-767.87
571,166.52,-792.16
572,175.6,-825.29
573,808.02,-777.66
574,585.53,-795.37
575,281.15,-711.06
576,237.83,-776.3
577,300.42,-733.49
578,210.22,-783.14
579,469.27,-673.85
580,184.54,-774.78
581,266.89,-779.48
582,309.17,-757.3
583,165.05,-788.9
584,459.73,-698.47
585,3027.68,-495.19
586,825.87,-703.85
587,343.83,-761.44
588,647.12,-815.07
589,203.36,-751.57
590,847.61,-629.35
591,364.97,-684.65
592,264.82,-781.98
593,276.65,-768.06
594,168.73,-786.35
595,185.92,-800.62
596,267.22,-723.42
597,252.82,-723.94
598,207.55,-765.48
599,256.3,-713.41
600,239.71,-743.84
601,367.26,-710.15
602,329.86,-686.7
603,395.16,-695.63
604,326.33,-682.47
605,531.36,-629.04
606,232.26,-786.6
607,424.16,-713.58
608,357.82,-750.99
609,223.46,-792.05
610,571.32,-666.8
611,172.43,-822.85
612,461.37,-784.61
613,827.65,-747.98
614,182.78,-788.39
615,210.02,-820.87
616,200.22,-782.42
617,308.65,-771.01
618,504.46,-757.54
619,664.05,-726.2
620,314.06,-731.05
621,184.65,-785.71
622,464.54,-751.28
623,198.69,-782.58
624,242.67,-721.63
625,170.52,-803.85
626,495.2,-598.59
627,431.08,-712.62
628,483.98,-781.1
629,206.99,-778.15
630,174.89,-764.32
631,167.04,-771.64
632,250.38,-738.14
633,189.13,-929.27
634,303.51,-725.21
634,209.13,-814.37
636,37084.74,-929.56
637,1604.16,-536.43
638,719.15,-627.89
639,265.93,-758.64
640,229.39,-711.86
641,242.83,-775.98
642,192.77,-798.04
643,167.9,-778.26
644,234.29,-806.23
645,295.93,-762.99
646,474.79,-659.72
647,162.53,-790.51
648,1559.2,-741.12
649,183.7,-773.89
650,191.67,-787.5
651,156.75,-774.87
652,196.11,-770.02
653,192.51,-772.23
654,273.23,-752.8
655,994.25,-637.79
656,317.76,-748.03
657,658.66,-579.66
658,570.64,-689.38
659,188.87,-772.66
660,2858.59,-525.24
661,351.98,-804.02
662,155.48,-817.73
663,207.79,-784.05
664,363.92,-695.71
665,203.19,-779.57
666,215.29,-716.61
667,400.36,-691.57
668,182.32,-793.47
669,251.65,-687.32
670,217.98,-749.83
671,372.11,-759.25
672,177.64,-818.93
673,239.15,-723.86
674,284.83,-785.43
675,187.62,-776.71
676,427.94,-780.47
677,204.87,-737.72
678,186.83,-760.72
679,185.19,-773.64
680,274.26,-699.63
681,205.7,-724.51
682,311.22,-704.4
683,228.54,-756.28
684,299.51,-668.77
685,194.61,-744.02
686,475.61,-707.05
687,546.43,-710.09
688,249.17,-754.74
689,503.52,-722.55
690,230.95,-788.48
691,699.9,-732.59
692,300.57,-792.87
693,165.13,-805.03
694,205.99,-745.53
695,260.74,-796.1
696,283.3,-778.59
697,218.44,-796.16
698,259.27,-776.3
699,3408.08,-642.39
700,491.4,-683.33
701,631.61,-691.77
702,198.23,-757.95
703,153.7,-776.19
704,418.15,-695.08
705,316.14,-748.68
706,179.81,-756.62
707,250.48,-702.55
708,198.08,-779.35
709,336.49,-688.33
710,376.87,-613.31
710,182.7,-785.73
712,160.49,-787.95
713,259.3,-764.41
714,255.17,-724.47
715,227.89,-805.87
716,183.3,-783.74
717,328.87,-807.97
718,203.9,-778.02
719,231.37,-777.19
720,638.59,-626.15
721,296.62,-744.88
722,785.04,-572.28
723,1005.42,-683.97
724,397.06,-582.24
725,183.54,-739.33
726,537.17,-509.75
727,239.48,-792.46
728,240.42,-709.51
729,208.5,-760.18
730,303.42,-710.29
731,312.28,-761.7
732,237.2,-918.23
733,200.68,-742.13
734,258.5,-727.48
735,277.49,-734.03
736,213.02,-777.76
737,173.47,-789.0
738,226.34,-712.25
739,377.5,-826.07
740,175.39,-766.29
741,372.35,-657.93
742,156.01,-807.78
743,890.92,-799.09
744,213.46,-745.25
745,347.89,-683.79
746,182.06,-776.17
747,177.98,-794.0
748,523.47,-556.43
748,257.57,-765.19
750,184.82,-783.7
751,761.49,-635.86
752,708.74,-519.65
753,210.11,-800.76
754,408.26,-794.09
755,636.19,-724.37
756,236.27,-705.7
757,1672.44,-652.23
758,201.26,-815.35
759,198.92,-801.08
760,217.39,-756.81
761,382.09,-663.92
762,389.08,-776.15
763,1011.17,-735.88
764,193.13,-757.05
765,372.26,-775.71
766,1149.78,-641.47
767,175.87,-797.44
768,233.29,-709.87
769,39187.04,-968.68
770,233.38,-795.32
771,217.93,-731.41
772,344.72,-713.83
773,307.4,-792.89
774,485.06,-687.51
775,204.44,-762.7
776,1144.33,-615.26
777,235.6,-727.47
778,203.82,-856.4
779,244.66,-775.61
780,402.78,-578.34
781,252.05,-688.66
782,392.63,-833.51
783,184.36,-798.15
784,249.52,-736.08
785,323.19,-694.55
786,203.13,-799.92
787,292.03,-808.22
788,598.55,-749.45
789,165.36,-837.81
790,365.23,-697.08
791,283.61,-751.1
792,368.48,-695.75
793,223.44,-743.01
794,269.25,-690.5
795,160.89,-787.35
796,336.62,-659.2
797,1011.77,-742.91
798,234.31,-739.33
799,225.49,-854.86
800,224.15,-834.96
801,419.58,-734.11
802,317.06,-736.54
803,303.67,-679.16
804,194.51,-782.83
805,228.82,-775.6
806,1594.47,-673.95
807,216.69,-764.64
808,296.61,-661.12
809,180.06,-756.02
810,616.47,-616.28
811,283.03,-679.03
812,470.26,-508.8
813,203.36,-784.37
814,207.34,-791.55
815,489.26,-622.09
816,223.17,-755.27
817,227.26,-784.08
818,377.94,-734.77
819,168.49,-811.03
820,481.75,-598.38
821,480.77,-622.84
822,282.76,-765.22
823,186.0,-768.98
824,650.79,-675.96
825,245.05,-745.66
826,156.69,-778.86
827,251.1,-761.09
828,212.46,-761.19
829,429.82,-698.72
830,253.13,-751.94
831,198.14,-774.79
832,263.78,-715.41
833,241.41,-726.76
834,623.86,-748.73
835,440.24,-735.19
835,182.09,-758.38
837,262.93,-711.74
838,1324.23,-642.25
839,302.9,-761.38
840,355.34,-641.89
841,1167.69,-587.32
842,244.17,-784.45
843,1123.66,-651.57
844,256.24,-773.69
845,560.04,-642.34
846,194.88,-778.24
847,484.33,-555.57
848,168.86,-765.0
849,293.38,-720.99
850,229.63,-745.06
851,373.12,-718.85
852,198.4,-802.45
853,548.02,-684.86
854,363.73,-760.11
855,314.32,-780.67
856,954.51,-679.26
857,257.28,-693.3
858,432.99,-606.93
859,251.09,-736.75
860,218.3,-796.38
861,166.23,-780.7
862,225.8,-723.5
863,267.41,-743.12
864,370.33,-644.81
865,193.63,-750.84
866,383.21,-648.29
867,617.96,-556.77
868,269.25,-655.15
869,159.95,-778.88
870,226.84,-718.8
871,210.44,-769.78
872,1367.8,-700.55
873,205.1,-756.37
874,434.7,-729.77
875,195.57,-712.35
876,197.43,-754.64
877,253.5,-799.19
878,158.93,-846.92
879,216.74,-747.13
880,413.27,-742.53
881,277.79,-723.71
882,182.74,-780.67
883,304.71,-769.56
884,297.78,-703.68
885,565.71,-797.21
886,174.33,-791.16
887,216.64,-775.71
888,186.2,-803.92
889,353.54,-789.94
890,1745.28,-474.83
891,233.83,-746.93
892,219.87,-726.72
893,1090.91,-493.48
894,345.93,-785.25
895,213.83,-716.94
896,248.06,-726.99
897,348.85,-663.1
898,179.81,-790.68
899,347.09,-709.75
900,622.34,-724.37
901,184.77,-790.95
902,260.51,-684.83
903,259.57,-752.12
904,225.44,-741.74
905,987.71,-669.5
906,332.45,-680.39
907,474.24,-615.53
908,2970.61,-735.95
909,165.76,-751.05
910,248.38,-741.22
911,298.21,-700.02
912,173.73,-766.24
913,250.04,-727.68
914,313.22,-767.25
915,1226.1,-548.81
916,228.91,-725.22
917,179.37,-751.0
918,204.34,-788.93
919,230.23,-797.52
920,432.27,-750.32
921,248.42,-761.16
922,589.37,-649.57
923,236.04,-762.55
924,206.13,-791.43
925,223.77,-744.24
926,171.85,-812.86
927,848.94,-736.43
928,312.49,-769.48
929,289.87,-704.08
930,273.02,-777.27
931,157.52,-784.79
932,239.91,-730.64
933,188.44,-745.76
934,236.65,-707.94
935,342.82,-735.93
936,388.01,-763.09
937,191.29,-755.31
938,190.26,-753.02
939,235.9,-676.56
940,230.49,-753.0
941,286.01,-722.87
942,317.4,-603.32
943,164.96,-799.15
944,160.76,-774.43
945,223.53,-745.67
946,259.9,-699.54
947,163.21,-791.33
948,191.58,-806.01
949,202.36,-761.61
950,160.46,-783.2
951,541.88,-650.96
952,731.22,-626.33
953,216.17,-742.61
954,1297.96,-605.74
955,238.5,-840.32
956,209.96,-742.72
957,184.68,-768.95
958,286.85,-827.23
959,416.1,-656.1
960,166.45,-833.91
961,374.75,-805.12
962,196.24,-760.59
963,1058.4,-616.9
964,494.58,-714.0
965,191.92,-753.9
966,172.85,-815.7
967,196.5,-903.36
968,262.61,-736.66
969,171.54,-843.57
970,282.54,-765.71
971,181.92,-798.92
972,377.72,-655.28
973,158.06,-786.22
974,296.31,-684.73
975,241.99,-734.34
976,259.53,-705.21
977,186.12,-803.91
978,228.83,-776.06
979,154.97,-775.09
980,369.86,-680.02
981,352.66,-770.3
982,440.63,-681.59
983,907.63,-509.45
984,210.68,-706.3
985,144.54,-833.9
986,162.76,-772.55
987,3268.83,-658.69
988,277.63,-682.53
989,289.98,-635.05
990,166.42,-787.23
991,345.92,-685.59
992,183.46,-798.53
993,306.43,-736.42
994,164.23,-791.7
995,496.07,-641.11
996,370.56,-634.25
997,289.37,-759.26
998,201.6,-794.95
999,895.27,-615.83
1000,192.94,-766.64
1001,261.61,-731.88
1002,193.06,-769.25
1003,191.11,-752.21
1004,184.74,-770.97
1005,220.83,-773.71
1006,208.03,-787.43
1007,443.42,-758.55
1008,689.0,-692.64
1009,318.6,-720.27
1010,161.0,-775.96
1011,245.59,-746.82
1012,280.63,-738.33
1013,243.76,-759.36
1014,400.11,-701.24
1015,357.69,-640.85
1016,300.56,-718.48
1017,269.72,-669.83
1018,160.75,-792.9
1019,244.79,-751.12
1020,4958.9,-609.21
1021,643.87,-788.93
1022,458.57,-685.37
1023,528.13,-616.84
1024,241.56,-762.78
1025,533.11,-793.77
1026,610.33,-608.65
1027,235.2,-759.2
1028,906.95,-769.64
1029,184.62,-770.26
1030,263.38,-734.14
1031,408.95,-673.79
1032,219.0,-767.8
1033,242.87,-708.79
1034,157.22,-786.44
1035,165.07,-752.16
1036,394.96,-684.24
1037,857.88,-700.43
1038,164.65,-796.48
1039,173.25,-786.66
1040,209.25,-790.23
1041,1383.64,-658.15
1042,304.16,-759.86
1043,187.7,-809.21
1044,160.9,-788.91
1045,325.79,-768.53
1046,224.48,-747.42
1047,311.43,-723.15
1048,296.94,-665.77
1049,740.61,-742.81
1050,167.05,-813.57
1051,191.88,-793.71
1052,559.48,-558.78
1053,336.48,-708.58
1054,180.85,-729.92
1055,297.88,-678.06
1056,710.84,-628.07
1057,554.41,-785.22
1058,532.79,-674.38
1059,2244.38,-652.28
1060,366.91,-671.09
1061,337.85,-675.65
1062,179.08,-808.24
1063,188.21,-799.41
1064,166.23,-814.84
1065,188.69,-800.61
1066,198.2,-778.78
1067,815.64,-519.64
1068,599.19,-666.5
1069,197.82,-790.0
1070,305.37,-737.46
1071,236.52,-777.86
1072,586.84,-727.2
1073,158.23,-807.63
1074,286.72,-788.81
1075,332.72,-647.69
1076,417.51,-727.02
1077,234.21,-704.94
1078,195.12,-769.44
1079,1305.92,-399.97
1080,254.44,-717.88
1081,220.46,-720.1
1082,225.65,-776.88
1083,217.33,-740.69
1084,350.66,-738.0
1085,1814.03,-599.6
1086,203.3,-788.28
1087,323.49,-779.69
1088,222.96,-723.48
1089,648.85,-682.58
1090,990.18,-637.2
1091,700.5,-751.51
1092,747.72,-532.67
1093,201.81,-763.48
1094,489.28,-814.0
1095,194.84,-733.2
1096,213.77,-791.64
1097,238.61,-725.17
1098,162.98,-774.14
1099,201.59,-736.94
1100,191.32,-784.6
1101,181.21,-805.71
1102,197.64,-718.64
1103,874.63,-787.07
1104,201.41,-782.66
1105,164.75,-811.51
1106,234.2,-737.67
1107,397.86,-657.46
1108,254.49,-700.68
1109,165.96,-821.53
1110,185.68,-758.24
1111,204.62,-756.42
1112,1212.58,-770.35
1113,1693.7,-538.1
1113,149.27,-778.71
1115,186.37,-758.41
1116,185.11,-804.64
1117,211.42,-686.19
1118,175.51,-747.52
1119,168.6,-781.47
1120,476.13,-788.39
1121,1203.72,-550.3
1122,250.49,-743.53
1123,394.66,-758.26
1124,2313.85,-752.39
1125,574.23,-711.36
1126,238.48,-708.48
1127,194.76,-754.21
1128,205.89,-792.2
1129,245.17,-806.9
1130,2160.75,-712.57
1131,271.43,-703.8
1132,300.86,-802.44
1133,275.21,-712.93
1134,532.88,-716.84
1135,284.12,-681.07
1136,2655.87,-679.23
1137,276.1,-757.88
1138,2497.6,-611.52
1139,360.75,-686.51
1140,593.96,-692.62
1141,265.47,-689.5
1142,631.71,-751.34
1143,351.53,-732.21
1144,380.05,-798.52
1145,193.29,-753.68
1146,601.77,-734.05
1147,358.76,-697.96
1148,156.8,-855.32
1149,199.15,-725.8
1150,340.61,-714.4
1151,172.08,-737.56
1152,232.11,-783.94
1153,672.88,-707.07
1154,205.79,-734.83
1155,3189.92,-620.09
1156,251.76,-722.78
1157,181.44,-755.32
1158,169.34,-766.53
1159,882.35,-660.56
1160,477.42,-705.77
1161,602.51,-666.16
1162,213.93,-762.53
1163,667.43,-672.15
1164,503.09,-760.14
1165,245.89,-707.73
1166,398.28,-659.28
1167,286.16,-742.43
1168,471.52,-689.39
1169,730.19,-688.72
1170,726.09,-812.1
1171,184.01,-759.15
1172,281.24,-746.68
1173,197.34,-777.15
1174,186.34,-766.05
1175,247.05,-753.18
1176,898.46,-687.62
1177,26760.66,-1287.48
1178,444.82,-690.13
1179,310.52,-751.91
1180,326.19,-737.43
1181,4356.41,-749.65
1182,194.86,-765.47
1183,653.27,-751.72
1184,252.18,-673.45
1185,201.19,-773.95
1186,181.85,-813.62
1187,221.51,-837.42
1188,651.96,-726.06
1189,796.24,-717.7
1190,145.14,-795.35
1191,271.49,-740.46
1192,246.25,-802.89
1193,366.29,-792.93
1194,320.33,-798.17
1195,3428.77,-507.65
1196,303.56,-621.78
1197,159.22,-786.64
1198,790.05,-538.76
1199,172.59,-802.81
1200,262.98,-732.15
1200,217.2,-756.99
1202,891.51,-723.95
1203,184.9,-768.84
1204,501.01,-773.86
1205,257.2,-745.73
1206,176.63,-822.06
1207,273.55,-727.1
1208,1269.69,-578.23
1209,191.11,-770.59
1210,164.01,-747.63
1211,210.27,-725.05
1212,1066.32,-762.97
1213,270.83,-704.22
1214,186.33,-786.49
1215,188.03,-813.1
1216,732.5,-617.95
1216,195.42,-792.84
1218,171.0,-777.67
1219,379.68,-703.28
1220,179.7,-777.12
1221,207.6,-714.72
1222,1532.45,-687.45
1223,171.11,-795.15
1224,253.71,-777.68
1225,234.16,-713.41
1226,520.98,-694.87
1227,173.85,-750.46
1228,873.97,-688.06
1229,473.4,-755.19
1230,236.5,-791.91
1231,182.45,-755.85
1232,447.03,-732.06
1233,3791.14,-529.06
1234,156.68,-778.36
1235,309.36,-789.47
1236,171.61,-792.95
1237,327.65,-780.31
1238,402.06,-691.22
1239,200.56,-728.68
1240,228.73,-811.93
1241,180.0,-799.46
1242,202.96,-756.1
1242,215.87,-741.54
1244,292.74,-714.08
1245,372.16,-639.76
1246,360.63,-727.71
1247,207.0,-731.92
1248,273.83,-707.8
1249,158.8,-813.07
1250,2155.74,-581.4
1251,558.3,-753.93
1252,338.15,-728.65
1253,199.58,-764.91
1254,793.55,-677.15
1255,303.98,-747.62
1256,405.7,-739.55
1257,425.61,-770.45
1258,258.33,-725.19
1259,606.34,-770.12
1260,2444.49,-566.26
1260,168.88,-828.36
1262,339.39,-746.86
1263,228.79,-699.38
1264,699.06,-643.95
1265,254.78,-688.36
1266,452.88,-619.52
1267,859.46,-657.99
1268,374.93,-773.81
1269,215.14,-731.27
1270,238.89,-774.52
1271,177.77,-773.82
1272,653.61,-551.12
1273,39664.81,-237.25
1274,1413.52,-706.11
1275,200.08,-754.93
1276,187.09,-767.5
1277,302.51,-695.98
1278,1023.11,-743.38
1279,471.84,-717.39
1280,417.84,-746.09
1281,495.72,-764.5
1282,933.93,-521.02
1283,323.08,-768.76
1284,282.49,-767.23
1285,242.63,-712.12
1286,208.62,-761.74
1287,309.9,-784.05
1288,179.0,-780.36
1289,183.33,-834.56
1290,180.15,-746.89
1291,322.89,-639.13
1292,202.42,-741.68
1293,160.78,-804.48
1294,162.02,-769.71
1295,1274.02,-688.4
1296,170.88,-743.4
1297,390.88,-716.18
1298,329.16,-703.04
1299,444.32,-662.72
1300,2143.97,-677.65
1301,666.39,-706.94
1302,202.28,-772.61
1303,302.74,-741.64
1304,360.63,-810.78
1305,304.82,-771.62
1306,182.46,-776.87
1307,1769.76,-538.93
1308,346.81,-635.44
1309,523.39,-539.54
1310,219.97,-793.02
1311,239.94,-660.29
1312,285.23,-759.64
1313,938.75,-660.77
1314,198.32,-794.71
1315,208.02,-750.86
1316,532.88,-741.9
1317,820.03,-451.08
1318,247.06,-752.24
1319,324.08,-739.71
1320,479.61,-700.36
1321,254.4,-791.05
1322,206.68,-746.26
1323,266.04,-755.42
1324,198.76,-760.62
1325,144.19,-793.08
1326,231.55,-737.26
1327,196.32,-707.52
1328,170.71,-794.89
1329,206.68,-746.68
1330,189.45,-756.16
1331,257.21,-771.88
1332,157.75,-783.27
1333,471.62,-694.34
1334,406.29,-798.75
1335,535.23,-569.4
1336,256.38,-762.17
1337,417.56,-723.45
1338,242.79,-762.8
1339,1078.45,-410.15
1340,292.09,-740.04
1341,216.65,-753.18
1342,286.24,-790.71
1343,423.82,-735.35
1344,206.69,-849.14
1345,141.2,-784.96
1346,208.12,-798.12
1347,243.81,-785.22
1348,175.97,-758.32
1349,210.46,-743.48
1350,417.99,-768.85
1351,304.91,-680.13
1352,999.67,-488.3
1353,216.49,-804.86
1354,178.17,-822.44
1355,516.24,-628.43
1356,478.16,-737.62
1357,2314.55,-555.64
1358,329.44,-698.38
1359,165.32,-811.31
1359,421.43,-616.82
1361,403.23,-609.67
1362,176.2,-815.25
1363,429.1,-607.49
1364,216.48,-724.81
1365,265.79,-747.83
1366,294.31,-777.77
1367,202.37,-757.59
1368,164.62,-760.79
1369,184.47,-761.53
1370,310.16,-695.59
1371,720.36,-678.7
1372,324.19,-752.72
1373,240.37,-734.21
1374,295.56,-699.97
1374,277.88,-640.13
1376,185.26,-750.27
1377,278.56,-678.68
1378,458.22,-641.79
1379,568.43,-737.21
1380,774.92,-573.86
1381,313.02,-785.91
1382,495.85,-735.62
1383,1031.3,-628.11
1384,161.22,-753.87
1385,534.17,-706.34
1386,186.48,-740.65
1387,153.69,-798.58
1388,194.14,-791.3
1389,170.38,-788.14
1390,282.89,-749.91
1391,217.07,-725.28
1392,166.22,-827.68
1393,2391.15,-768.33
1394,266.48,-785.4
1395,242.02,-729.77
1396,154.21,-767.08
1397,426.35,-658.86
1398,3720.36,-528.43
1399,188.92,-798.1
1400,153.96,-808.48
1401,593.19,-763.37
1401,4105.31,-631.78
1403,235.34,-765.69
1404,314.83,-705.6
1405,170.33,-786.83
1406,440.34,-719.03
1407,388.15,-726.11
1408,156.2,-802.42
1409,284.71,-697.53
1410,167.5,-782.95
1411,149.52,-767.79
1412,363.53,-625.54
1413,188.35,-756.21
1414,148.18,-775.82
1415,4861.6,-698.62
1416,455.4,-637.62
1417,229.86,-744.06
1418,321.64,-756.03
1419,595.77,-591.59
1420,167.44,-785.16
1421,332.67,-783.04
1422,805.22,-830.45
1423,676.58,-713.78
1424,301.73,-811.73
1425,157.24,-770.77
1426,187.69,-759.68
1427,1891.56,-540.19
1428,176.08,-769.67
1429,972.81,-526.06
1430,179.46,-794.44
1431,1017.43,-563.53
1432,200.1,-776.08
1432,170.48,-779.94
1434,700.23,-782.68
1435,261.35,-691.1
1436,162.81,-771.36
1437,698.59,-716.65
1438,1295.38,-664.47
1439,2702.87,-517.73
1440,407.15,-600.82
1441,274.36,-658.19
1442,200.09,-792.78
1443,245.62,-772.28
1444,30544.94,-807.05
1445,142.72,-784.57
1446,154.96,-784.73
1447,203.32,-799.49
1448,315.85,-767.1
1449,212.38,-733.78
1450,154.57,-755.74
1451,370.21,-719.79
1452,223.68,-704.33
1453,233.11,-753.86
1454,454.2,-766.4
1455,826.72,-719.71
1456,193.63,-781.47
1457,2147.32,-625.23
1458,221.37,-735.38
1459,222.37,-736.53
1460,279.26,-757.16
1461,166.22,-784.88
1462,178.53,-755.9
1463,618.53,-626.76
1464,166.84,-776.93
1465,289.83,-696.82
1466,177.72,-766.52
1467,612.97,-756.33
1468,253.35,-704.78
1469,142.88,-764.31
1470,168.03,-815.02
1471,741.03,-693.63
1472,219.0,-763.67
1473,830.07,-616.11
1474,157.98,-747.32
1475,167.73,-742.68
1476,332.57,-680.82
1477,157.45,-805.69
1478,151.27,-784.13
1479,318.2,-696.74
1480,429.18,-745.27
1481,392.17,-651.32
1482,439.08,-683.82
1483,417.09,-684.02
1484,349.68,-771.55
1485,194.28,-803.09
1486,294.98,-671.96
1487,168.45,-776.48
1488,226.24,-754.27
1489,197.99,-789.01
1490,1111.19,-757.59
1491,676.51,-651.58
1492,339.64,-684.94
1493,208.42,-736.88
1494,837.62,-715.11
1495,880.88,-810.82
1496,181.06,-787.46
1497,4380.5,-391.06
1498,372.77,-679.71
1499,192.88,-706.51
1500,295.85,-767.53
1501,192.86,-779.94
1502,157.14,-746.67
1503,199.32,-796.08
1504,218.63,-690.98
1505,145.5,-826.3
1506,171.85,-816.86
1507,188.98,-792.7
1508,214.45,-723.29
1509,520.07,-697.83
1510,581.78,-755.05
1511,328.86,-693.0
1512,295.54,-738.35
1513,442.78,-798.6
1514,213.8,-751.45
1515,159.81,-771.59
1516,2600.98,-644.17
1517,222.64,-726.59
1518,270.07,-725.05
1519,164.78,-805.35
1520,200.25,-779.75
1521,180.98,-755.91
1522,170.84,-800.91
1523,233.59,-780.67
1524,276.42,-770.46
1525,486.32,-600.93
1526,257.1,-752.3
1527,183.49,-748.19
1528,251.74,-686.88
1529,231.0,-699.58
1530,689.5,-752.33
1531,238.87,-697.19
1532,356.82,-725.76
1533,258.79,-777.49
1534,149.23,-827.01
1535,185.56,-787.75
1536,275.99,-736.33
1537,237.31,-780.23
1538,1261.24,-575.27
1539,296.98,-726.76
1540,487.41,-648.73
1541,186.37,-715.59
1542,169.11,-762.63
1543,278.49,-767.35
1544,151.43,-754.04
1545,227.24,-723.69
1546,468.27,-768.11
1547,614.34,-435.98
1548,188.95,-809.23
1549,207.52,-738.68
1550,234.27,-709.57
1551,1655.61,-554.67
1552,1000.5,-695.44
1553,207.19,-810.0
1554,655.05,-656.08
1555,708.93,-696.55
1556,451.53,-736.38
1557,427.19,-760.64
1558,384.79,-740.99
1559,192.09,-737.18
1560,188.81,-735.76
1561,177.38,-771.1
1562,246.8,-761.83
1563,358.19,-740.95
1564,197.22,-739.27
1565,178.38,-751.12
1566,534.37,-760.37
1566,842.01,-673.9
1568,308.28,-741.29
1569,468.6,-728.01
1570,401.7,-742.25
1571,210.56,-791.69
1572,867.99,-559.17
1573,253.82,-643.03
1574,199.99,-772.93
1575,229.15,-738.13
1576,2153.37,-726.34
1577,288.88,-677.5
1578,159.12,-782.41
1579,143.98,-759.82
1580,578.88,-595.5
1581,162.66,-756.34
1582,836.08,-695.36
1583,184.89,-784.17
1584,772.5,-792.32
1585,1531.64,-601.7
1586,250.32,-740.66
1587,433.13,-654.92
1588,656.18,-761.1
1589,159.77,-790.89
1590,194.25,-790.78
1591,307.4,-677.14
1592,2331.01,-624.47
1593,151.28,-801.45
1594,179.18,-773.91
1595,388.59,-791.28
1596,184.74,-762.83
1597,165.84,-799.12
1598,182.23,-781.23
1599,293.28,-784.42
1600,914.54,-593.94
1601,156.03,-820.61
1602,457.2,-761.95
1603,176.31,-782.88
1604,145.31,-776.78
1605,611.1,-579.14
1606,297.12,-783.4
1607,419.15,-724.73
1608,211.22,-737.21
1609,303.71,-798.78
1610,502.12,-712.04
1611,1257.17,-620.44
1612,688.59,-718.15
1613,264.92,-711.26
1614,173.43,-758.81
1615,625.27,-665.29
1616,881.2,-659.2
1617,697.79,-737.15
1618,363.44,-755.91
1619,184.52,-774.63
1620,226.94,-717.09
1621,255.27,-755.47
1622,202.45,-707.45
1623,166.43,-802.92
1624,284.01,-727.19
1625,196.2,-758.85
1626,645.53,-645.8
1627,237.92,-762.66
1628,322.59,-793.56
1629,315.72,-755.76
1630,159.62,-786.2
1631,742.81,-806.13
1632,603.2,-565.26
1633,205.27,-750.68
1634,186.48,-771.47
1635,276.8,-733.99
1636,157.48,-792.72
1637,476.45,-731.87
1638,37799.77,-726.56
1639,225.8,-748.72
1640,206.99,-732.84
1641,167.61,-788.37
1642,182.59,-791.37
1643,171.42,-748.89
1644,323.43,-797.4
1645,227.92,-776.51
1646,618.84,-670.12
1647,307.8,-747.49
1648,2455.55,-649.75
1649,318.12,-699.49
1650,167.81,-752.41
1651,168.35,-773.73
1652,4049.69,-310.58
1653,195.35,-737.71
1654,171.48,-774.97
1655,557.7,-642.01
1656,174.16,-783.95
1657,311.24,-695.6
1658,750.94,-610.38
1659,170.4,-760.5
1660,169.01,-747.63
1661,270.83,-785.55
1662,153.26,-805.4
1663,799.39,-648.3
1664,163.17,-778.04
1665,351.33,-744.28
1666,686.8,-701.03
1667,342.64,-707.19
1668,719.53,-561.89
1669,833.08,-590.61
1670,331.98,-784.92
1671,396.8,-744.85
1672,164.48,-773.15
1673,606.93,-685.14
1674,174.89,-769.65
1675,203.95,-787.97
1676,828.96,-652.47
1677,154.68,-769.36
1678,246.35,-702.28
1679,317.06,-781.74
1680,678.71,-510.23
1681,197.12,-740.52
1682,184.09,-758.83
1683,350.01,-656.11
1684,191.38,-751.3
1685,132.26,-833.09
1686,181.75,-794.01
1687,160.52,-792.27
1688,453.84,-738.28
1689,233.36,-760.4
1690,233.55,-697.14
1691,192.66,-782.15
1692,167.35,-755.6
1693,489.15,-559.5
1694,212.93,-705.29
1695,186.23,-757.08
1696,176.39,-766.46
1697,165.51,-770.4
1698,158.59,-775.91
1699,169.81,-781.04
1700,370.92,-765.77
1701,284.89,-751.53
1702,608.91,-751.7
1703,695.09,-771.85
1704,242.09,-713.29
1705,184.9,-766.01
1706,223.09,-697.53
1707,293.99,-688.33
1708,213.73,-730.93
1708,249.82,-769.76
1710,200.6,-755.48
1711,141.37,-767.26
1712,144.96,-781.82
1713,217.66,-724.96
1714,217.82,-740.76
1715,503.75,-760.72
1716,154.56,-752.31
1717,1503.98,-707.61
1718,904.88,-688.68
1719,261.97,-741.85
1720,158.83,-749.5
1721,153.67,-801.0
1722,467.4,-705.59
1723,192.92,-742.42
1724,377.96,-689.31
1725,176.29,-748.13
1726,158.16,-763.41
1727,327.05,-623.27
1728,162.86,-794.07
1729,181.47,-696.21
1730,159.88,-746.72
1731,139.58,-785.76
1732,227.46,-773.94
1733,922.86,-761.07
1734,288.56,-720.66
1735,385.36,-730.82
1736,304.61,-713.86
1737,174.44,-751.26
1738,465.64,-798.87
1739,385.68,-799.05
1740,145.71,-775.29
1741,394.2,-736.29
1742,148.35,-769.03
1743,180.88,-788.2
1744,214.48,-736.34
1745,145.98,-792.07
1746,294.49,-716.73
1747,655.58,-720.69
1748,210.21,-703.02
1749,271.69,-693.13
1750,159.66,-800.05
1751,379.36,-670.21
1752,270.05,-714.5
1753,633.87,-715.65
1754,235.9,-763.48
1755,177.53,-771.92
1756,150.42,-771.19
1757,374.28,-745.07
1758,525.89,-574.06
1759,213.76,-724.33
1760,692.4,-572.61
1761,208.52,-700.24
1762,186.91,-745.74
1763,377.11,-630.29
1764,236.12,-726.82
1765,152.63,-856.43
1766,220.08,-733.49
1767,270.16,-759.37
1768,196.8,-771.4
1769,427.87,-726.08
1770,250.98,-710.6
1771,264.46,-629.81
1772,184.16,-739.71
1773,1109.08,-582.17
1774,289.69,-721.5
1775,163.49,-780.67
1776,476.95,-796.98
1777,192.28,-746.94
1778,316.85,-740.34
1779,303.91,-704.13
1780,1328.89,-692.88
1781,175.54,-750.34
1782,195.72,-771.13
1783,421.76,-672.93
1784,139.12,-803.23
1785,204.83,-756.47
1786,300.41,-678.77
1787,156.55,-804.45
1788,159.21,-763.09
1789,142.0,-792.56
1790,153.7,-797.72
1791,151.12,-769.76
1792,262.25,-697.47
1793,206.9,-749.74
1794,252.55,-663.62
1795,138.32,-809.68
1796,161.15,-734.01
1797,269.07,-713.03
1798,275.16,-688.45
1799,232.21,-750.94
1800,693.1,-686.53
1801,159.97,-764.15
1802,198.39,-723.84
1803,162.73,-735.11
1804,204.01,-723.72
1805,462.08,-621.61
1806,535.1,-813.94
1807,357.31,-766.24
1808,141.84,-838.18
1809,199.87,-732.63
1810,169.48,-746.62
1811,180.92,-737.72
1812,161.87,-788.55
1813,352.87,-741.48
1814,198.48,-747.71
1815,179.93,-747.02
1816,267.37,-669.52
1817,577.12,-693.73
1818,186.86,-767.62
1819,440.39,-828.25
1820,220.71,-739.73
1821,144.9,-787.13
1822,157.97,-791.45
1823,269.66,-748.67
1824,507.51,-722.08
1825,249.48,-680.26
1826,160.62,-800.33
1827,539.78,-750.59
1828,592.0,-764.31
1829,174.78,-774.95
1830,147.09,-773.53
1831,762.72,-721.49
1832,171.16,-776.18
1833,616.42,-786.83
1834,145.53,-770.08
1835,146.2,-771.34
1836,161.41,-772.0
1837,379.76,-637.97
1838,962.89,-752.69
1839,507.45,-706.79
1840,490.61,-601.02
1841,1245.05,-569.63
1842,193.74,-738.74
1843,160.15,-799.02
1844,367.46,-659.02
1845,247.06,-726.74
1846,522.03,-773.98
1847,952.54,-635.9
1848,323.37,-662.35
1849,156.31,-830.33
1850,919.14,-539.69
1851,2460.69,-558.65
1852,215.28,-816.32
1853,1166.21,-641.09
1854,149.44,-795.07
1855,262.68,-696.16
1856,190.49,-729.21
1857,323.1,-700.88
1858,152.91,-766.08
1859,248.71,-744.28
1860,166.39,-747.0
1861,171.08,-769.11
1862,137.36,-782.83
1863,175.87,-818.17
1864,155.2,-733.85
1865,185.26,-770.76
1866,303.65,-738.49
1867,287.05,-688.54
1868,833.04,-804.93
1869,358.84,-752.79
1870,402.02,-614.68
1871,145.72,-785.62
1872,172.64,-819.83
1873,178.17,-760.21
1874,3900.69,-578.42
1875,191.33,-818.33
1876,472.11,-706.83
1877,199.52,-764.62
1878,165.55,-764.66
1879,722.34,-684.82
1880,245.63,-689.53
1881,187.83,-753.97
1882,248.54,-799.36
1882,511.27,-662.17
1884,442.96,-588.6
1885,459.69,-756.04
1886,230.24,-687.07
1887,214.33,-735.65
1888,174.68,-754.26
1889,293.93,-719.78
1890,129.51,-781.13
1891,181.89,-732.8
1892,134.92,-798.6
1893,323.76,-718.11
1894,288.9,-667.11
1895,1215.54,-555.7
1896,278.27,-721.69
1897,172.82,-760.04
1898,159.62,-761.26
1899,133.88,-795.4
1900,404.24,-729.33
1901,238.79,-702.18
1902,169.0,-739.81
1903,580.18,-527.27
1904,148.52,-787.08
1905,236.58,-784.87
1906,176.55,-784.48
1907,130.63,-769.59
1908,398.26,-625.23
1909,237.36,-719.96
1910,159.67,-782.42
1911,410.7,-663.11
1912,257.74,-640.77
1913,169.89,-789.15
1914,217.93,-721.53
1915,197.34,-703.18
1916,338.48,-682.21
1917,163.16,-767.02
1918,230.11,-688.87
1919,167.78,-782.78
1920,264.04,-726.76
1921,4138.7,-483.76
1922,383.01,-539.9
1923,894.17,-546.92
1924,187.16,-782.35
1925,184.52,-724.05
1926,2677.2,-605.53
1927,298.37,-677.45
1928,1050.99,-690.06
1929,198.51,-759.44
1930,181.62,-800.26
1931,479.86,-700.29
1932,473.51,-675.36
1933,349.1,-700.86
1934,510.23,-630.68
1935,205.06,-720.37
1936,193.28,-752.04
1937,158.2,-774.48
1938,525.92,-621.51
1939,2051.39,-652.58
1940,272.6,-775.05
1941,490.97,-663.31
1942,176.82,-803.46
1943,801.26,-648.0
1944,405.69,-586.48
1945,232.42,-662.14
1946,214.86,-786.27
1947,158.07,-745.94
1948,304.14,-761.15
1949,144.95,-809.67
1950,157.36,-778.96
1951,162.49,-744.55
1952,269.8,-648.69
1953,176.3,-737.73
1954,197.52,-777.43
1955,211.36,-788.99
1956,293.76,-795.92
1957,163.69,-787.66
1958,1044.72,-822.76
1959,457.88,-659.75
1960,161.2,-777.9
1961,259.21,-702.45
1962,197.37,-719.67
1963,191.48,-750.99
1964,188.47,-813.54
1965,160.13,-788.12
1966,268.67,-767.59
1967,510.67,-793.53
1968,400.34,-686.42
1969,169.32,-749.51
1970,175.1,-768.88
1971,244.61,-757.72
1972,944.46,-735.05
1973,242.86,-769.79
1974,312.39,-708.28
1975,197.27,-783.72
1976,131.22,-772.32
1977,350.84,-699.26
1978,742.48,-688.59
1979,134.45,-775.13
1980,162.62,-790.63
1981,289.39,-629.83
1982,1629.38,-672.77
1983,243.32,-660.8
1984,135.27,-788.65
1985,152.38,-778.98
1986,166.42,-769.93
1987,771.01,-695.4
1988,150.01,-772.82
1989,396.62,-745.95
1990,148.65,-815.27
1991,400.99,-605.42
1992,771.23,-617.02
1993,203.23,-725.08
1994,289.45,-712.58
1995,189.18,-719.8
1996,170.93,-699.46
1997,218.36,-718.93
1998,207.97,-705.66
1999,279.11,-796.47
2000,176.08,-808.55
2001,177.58,-757.43
2002,206.76,-755.12
2003,257.51,-651.52
2004,168.87,-743.4
2005,195.52,-728.89
2006,45105.6,826.09
2007,187.28,-722.13
2008,180.15,-751.74
2009,206.77,-740.67
2010,279.51,-666.74
2011,155.33,-798.29
2012,415.07,-711.1
2013,384.61,-609.53
2014,173.76,-776.76
2015,247.19,-732.31
2016,2175.92,-368.25
2017,361.45,-801.31
2018,146.06,-761.74
2019,703.59,-633.46
2020,756.53,-455.94
2021,376.22,-634.98
2022,181.15,-763.18
2023,157.19,-775.1
2024,281.66,-664.82
2025,178.76,-764.13
2026,203.84,-746.73
2027,1038.89,-512.1
2028,337.43,-596.52
2029,232.51,-761.24
2030,347.16,-809.38
2031,180.09,-797.46
2032,205.16,-759.74
2033,185.83,-770.98
2034,227.78,-721.51
2035,450.55,-779.67
2036,1783.02,-645.32
2037,293.95,-777.05
2038,167.11,-782.19
2039,214.96,-774.95
2040,312.28,-626.44
2041,170.34,-761.93
2042,219.17,-773.5
2043,452.95,-729.85
2044,191.38,-726.43
2045,367.53,-690.79
2046,253.25,-708.11
2047,225.04,-680.3
2048,1105.51,-537.21
2049,313.22,-687.66
2050,517.31,-729.97
2051,141.66,-783.58
2052,145.86,-778.37
2053,159.6,-812.48
2054,352.92,-754.44
2055,3292.18,-337.72
2056,226.74,-690.72
2057,516.93,-700.84
2058,187.87,-745.61
2059,755.84,-690.59
2060,347.39,-699.4
2061,195.06,-749.63
2062,183.38,-711.84
2063,307.34,-715.23
2064,288.08,-737.3
2065,706.56,-556.13
2066,528.2,-541.18
2067,154.48,-797.2
2068,151.01,-748.98
2069,372.48,-786.45
2070,198.61,-773.11
2071,415.76,-725.86
2072,392.07,-626.83
2073,194.86,-763.04
2074,176.15,-724.9
2075,173.27,-748.41
2076,183.57,-731.47
2077,1019.9,-612.92
2078,208.22,-779.77
2079,225.1,-688.75
2080,159.64,-816.64
2081,521.06,-590.58
2082,176.62,-777.11
2083,302.36,-758.49
2084,285.88,-712.12
2085,146.61,-803.25
2086,604.5,-754.37
2087,376.87,-759.11
2088,276.77,-762.03
2089,243.47,-744.8
2090,456.6,-598.92
2091,209.42,-759.3
2092,341.32,-659.69
2093,205.62,-813.34
2094,267.76,-711.41
2095,205.39,-721.5
2096,234.72,-778.6
2097,324.49,-807.11
2098,240.08,-780.87
2099,214.32,-736.48
2100,660.5,-562.45
2101,346.54,-590.94
2102,253.93,-814.48
2103,192.0,-738.47
2104,348.98,-769.3
2105,242.47,-769.08
2106,322.76,-704.07
2107,360.93,-666.54
2108,717.26,-629.19
2109,304.7,-724.42
2110,176.32,-759.17
2111,800.82,-756.44
2112,1341.01,-564.78
2113,207.95,-744.32
2114,206.13,-716.92
2115,258.49,-745.01
2116,176.88,-785.29
2117,1150.35,-595.44
2118,311.61,-778.43
2119,248.56,-716.83
2120,833.95,-659.56
2121,526.08,-675.77
2122,293.66,-737.14
2123,243.38,-709.18
2124,213.74,-712.3
2125,207.65,-772.04
2126,159.09,-769.97
2127,140.14,-811.08
2128,213.54,-783.3
2129,546.71,-661.73
2130,226.57,-796.62
2131,184.05,-767.38
2132,309.34,-764.08
2133,154.93,-748.12
2134,151.81,-751.94
2135,272.66,-709.59
2136,430.53,-638.65
2137,143.33,-808.18
2138,160.19,-797.48
2139,207.14,-752.64
2140,259.95,-736.13
2141,212.13,-769.95
2142,240.57,-782.46
2143,141.34,-735.58
2144,778.82,-561.54
2145,151.45,-747.48
2146,347.45,-619.2
2147,442.36,-740.95
2148,331.91,-662.29
2149,472.14,-587.87
2150,301.25,-661.66
2151,572.54,-688.75
2152,204.02,-734.84
2153,403.32,-699.77
2154,329.76,-750.72
2155,235.44,-791.14
2156,275.55,-743.03
2157,358.25,-697.94
2158,222.57,-781.29
2159,381.66,-612.32
2160,2494.62,-687.87
2161,190.58,-755.15
2162,1110.69,-736.56
2163,156.57,-817.5
2164,174.4,-881.15
2165,377.65,-762.42
2166,745.7,-554.07
2167,692.72,-739.59
2168,412.97,-684.17
2169,366.88,-807.9
2170,574.69,-751.28
2171,196.5,-768.37
2172,161.97,-791.89
2173,141.73,-762.27
2174,370.79,-744.07
2175,214.24,-741.74
2176,171.55,-1025.56
2177,136.48,-786.49
2178,380.56,-674.97
2179,167.69,-770.69
2180,141.2,-848.47
2181,485.35,-542.77
2182,168.11,-780.03
2183,253.43,-653.27
2184,419.1,-603.86
2185,206.19,-705.57
2186,277.78,-702.76
2187,242.51,-751.12
2188,194.34,-775.52
2189,175.99,-775.54
2190,231.65,-714.09
2191,153.57,-777.12
2192,233.97,-704.83
2193,209.16,-722.4
2194,361.51,-816.82
2195,128.19,-801.66
2196,212.68,-728.98
2197,352.26,-696.41
2198,737.96,-564.11
2199,176.83,-740.54
2200,212.32,-753.93
2201,203.63,-749.33
2202,156.27,-762.85
2203,2582.91,-536.96
2204,315.61,-584.81
2205,248.53,-685.91
2206,203.98,-760.63
2207,165.81,-776.49
2208,209.6,-689.55
2209,295.58,-614.07
2210,231.12,-744.61
2211,418.02,-670.17
2212,561.91,-579.57
2213,162.65,-732.74
2214,470.26,-788.43
2215,192.73,-721.87
2216,178.41,-797.53
2217,228.66,-763.03
2218,168.52,-830.79
2219,295.4,-725.47
2220,242.15,-1122.44
2221,202.48,-712.22
2222,259.97,-711.26
2223,194.23,-752.47
2224,146.47,-776.23
2225,379.47,-692.98
2226,405.98,-762.79
2227,198.46,-762.97
2228,330.5,-773.53
2229,204.82,-710.74
2230,283.98,-763.77
2231,1135.22,-651.57
2232,506.22,-691.61
2233,587.03,-729.89
2234,297.36,-631.36
2235,134.94,-793.27
2236,173.73,-767.32
2237,346.08,-651.3
2238,150.1,-754.8
2239,211.27,-743.52
2240,134.43,-791.73
2241,181.47,-782.7
2242,183.77,-739.06
2243,304.15,-790.71
2244,1090.58,-485.82
2245,168.11,-733.01
2246,808.8,-536.46
2247,139.63,-813.85
2248,195.52,-715.99
2249,200.53,-704.08
2250,193.34,-762.98
2251,186.19,-747.75
2252,187.84,-791.25
2253,931.78,-778.42
2254,209.35,-711.26
2255,252.12,-736.74
2256,260.9,-737.28
2257,876.4,-641.72
2258,201.83,-765.95
2259,847.3,-554.39
2260,623.99,-670.26
2261,293.04,-665.01
2262,722.14,-781.32
2263,299.81,-739.29
2264,193.04,-767.59
2265,213.94,-834.27
2266,217.94,-774.31
2267,608.56,-724.3
2268,320.13,-709.37
2269,702.54,-564.39
2270,170.48,-774.38
2271,138.5,-785.99
2272,261.19,-776.74
2273,351.94,-884.7
2274,140.19,-816.04
2275,153.33,-756.0
2276,1739.89,-541.01
2277,157.01,-758.32
2278,243.59,-711.99
2279,1855.7,-649.53
2280,314.87,-771.67
2281,235.32,-662.93
2282,173.42,-779.39
2283,264.4,-703.51
2284,1409.07,-431.33
2285,168.65,-733.38
2286,193.53,-732.43
2287,539.55,-612.58
2288,192.32,-705.86
2289,182.32,-807.93
2290,429.5,-675.41
2291,239.21,-718.58
2292,179.96,-717.75
2293,348.37,-616.69
2294,1338.07,-636.16
2295,175.59,-720.8
2296,191.99,-722.13
2297,164.6,-757.62
2298,198.57,-779.05
2299,368.95,-777.79
2300,273.37,-750.02
2301,308.22,-654.53
2302,188.43,-725.92
2303,941.16,-769.26
2304,367.32,-613.19
2305,146.43,-728.67
2306,4678.06,-700.48
2307,208.83,-695.55
2308,273.95,-716.85
2309,235.87,-820.06
2310,148.8,-825.0
2311,663.74,-666.2
2312,319.79,-805.63
2313,150.77,-775.15
2314,175.34,-766.75
2315,166.49,-791.9
2316,290.74,-774.84
2317,362.57,-806.3
2318,180.62,-782.62
2319,455.33,-792.28
2320,183.49,-748.16
2321,1890.14,-658.49
2322,501.22,-757.96
2323,161.6,-773.51
2324,165.98,-786.12
2325,306.53,-656.14
2326,208.53,-768.76
2327,178.28,-785.42
2328,151.12,-768.02
2329,227.6,-720.65
2330,627.3,-601.23
2331,202.56,-762.79
2332,184.35,-727.01
2333,151.15,-796.07
2334,185.7,-756.26
2335,253.12,-815.59
2336,226.44,-712.03
2337,226.5,-727.39
2338,171.61,-807.41
2339,340.32,-652.56
2340,183.77,-748.31
2341,613.28,-523.37
2342,174.05,-727.79
2343,158.63,-817.22
2344,174.33,-746.34
2345,249.94,-675.07
2346,306.4,-654.68
2347,312.34,-731.65
2348,196.42,-828.75
2349,558.87,-538.91
2350,217.34,-745.68
2351,361.01,-797.88
2352,383.11,-713.49
2353,232.87,-679.33
2354,218.37,-746.97
2355,163.56,-774.12
2356,325.52,-755.62
2357,240.34,-780.83
2358,185.5,-748.8
2359,304.96,-724.35
2360,147.99,-787.98
2361,1216.06,-773.74
2362,324.97,-776.98
2363,227.96,-715.81
2364,171.28,-735.71
2365,209.64,-695.96
2366,165.73,-769.81
2367,400.21,-568.01
2368,178.43,-750.22
2369,390.89,-732.11
2370,474.16,-646.32
2371,252.54,-767.73
2372,189.29,-737.38
2373,260.13,-623.96
2374,298.79,-670.96
2375,465.42,-507.25
2376,144.43,-875.27
2377,158.11,-793.91
2378,223.48,-688.67
2379,222.05,-764.49
2380,151.25,-759.08
2381,452.65,-643.82
2382,265.43,-759.85
2383,464.07,-587.56
2384,175.19,-815.05
2385,244.83,-775.59
2386,745.11,-682.57
2387,446.77,-707.37
2388,171.64,-769.44
2389,192.46,-783.02
2390,1290.84,-666.42
2391,143.55,-768.78
2392,357.97,-667.39
2393,178.71,-747.69
2394,421.64,-760.57
2395,174.14,-784.39
2396,283.3,-775.57
2397,191.98,-732.94
2398,237.86,-689.06
2399,127.07,-794.99
2400,252.25,-653.44
2401,155.88,-799.53
2402,232.36,-759.2
2403,1052.08,-488.64
2404,150.78,-761.97
2405,259.38,-819.51
2406,147.9,-756.28
2407,503.74,-733.05
2408,275.42,-753.4
2409,393.43,-713.78
2410,226.15,-666.54
2411,293.57,-651.64
2412,146.64,-771.72
2413,172.04,-770.85
2414,308.62,-711.12
2415,432.38,-717.63
2416,211.58,-779.58
2417,378.94,-686.5
2418,294.29,-788.16
2419,188.07,-795.36
2420,158.64,-777.54
2421,247.86,-675.76
2422,461.82,-691.13
2423,188.23,-785.72
2424,167.18,-750.06
2425,166.02,-755.02
2426,204.31,-730.42
2427,133.12,-815.71
2428,421.22,-671.64
2429,368.12,-661.39
2430,168.32,-746.78
2431,254.86,-775.04
2432,312.75,-654.57
2433,138.65,-781.28
2434,396.09,-648.38
2435,139.58,-741.98
2436,227.86,-812.64
2437,181.07,-834.51
2438,241.3,-772.98
2439,342.85,-734.15
2440,232.48,-658.13
2441,499.75,-709.24
2442,137.06,-762.24
2443,448.36,-695.53
2444,171.47,-777.29
2445,504.9,-603.61
2446,193.9,-654.48
2447,4236.55,-491.17
2448,135.78,-819.31
2449,155.63,-803.95
2450,222.51,-783.23
2451,188.57,-787.14
2452,451.22,-617.43
2453,265.35,-703.13
2454,550.22,-719.27
2455,2318.51,-582.56
2456,274.08,-686.23
2457,201.92,-749.62
2458,354.38,-753.76
2459,207.39,-701.5
2460,186.2,-756.36
2461,347.78,-603.39
2462,320.2,-750.17
2463,160.48,-788.63
2464,173.99,-736.26
2465,184.87,-772.5
2466,145.01,-790.3
2467,142.07,-781.99
2468,127.17,-824.96
2469,141.17,-768.91
2470,134.19,-793.01
2471,194.6,-789.64
2472,217.78,-753.84
2473,404.48,-640.13
2474,604.7,-468.79
2475,165.99,-778.49
2476,162.76,-785.27
2477,1263.47,-719.56
2478,139.23,-796.76
2479,269.36,-587.86
2480,158.39,-716.08
2481,281.88,-822.07
2482,218.95,-735.89
2483,207.83,-793.49
2483,151.86,-735.94
2485,459.59,-469.48
2486,396.83,-710.36
2487,428.59,-720.94
2488,426.67,-758.21
2489,252.29,-630.4
2490,183.56,-718.39
2491,518.98,-761.78
2492,214.71,-791.48
2493,150.81,-748.19
2494,193.33,-736.45
2495,230.24,-777.54
2496,383.95,-530.51
2497,309.82,-798.43
2498,619.98,-803.63
2499,263.32,-709.08
2500,1411.36,-565.4
2501,239.96,-716.61
2502,177.05,-755.17
2503,148.77,-768.89
2504,185.42,-728.55
2505,194.92,-706.68
2506,778.78,-856.03
2507,153.94,-775.8
2508,775.61,-684.94
2509,514.98,-730.34
2510,537.03,-764.5
2511,273.67,-772.62
2512,550.98,-555.73
2513,2270.72,-622.42
2514,161.41,-800.55
2515,309.75,-683.04
2516,144.61,-753.7
2517,260.78,-747.05
2518,144.15,-784.94
2519,176.39,-789.35
2520,152.88,-769.26
2521,156.34,-811.6
2522,196.84,-708.96
2523,211.16,-743.9
2524,181.04,-770.05
2525,287.64,-789.06
2526,159.28,-763.14
2527,160.55,-760.65
2528,185.64,-795.43
2529,142.94,-786.89
2530,180.39,-728.85
2531,326.67,-663.61
2532,616.78,-695.39
2533,699.01,-775.16
2534,512.68,-682.81
2535,184.4,-752.5
2536,1273.78,-553.78
2537,199.39,-727.51
2538,208.19,-704.19
2539,166.47,-723.88
2540,239.11,-633.47
2541,149.72,-820.13
2542,169.84,-718.15
2543,213.54,-665.65
2544,285.42,-669.43
2545,173.83,-777.45
2546,183.78,-775.17
2547,193.16,-753.56
2548,140.0,-732.39
2549,301.93,-634.21
2550,202.96,-683.46
2551,172.48,-787.38
2552,201.03,-719.66
2553,248.91,-674.21
2554,338.81,-727.76
2555,210.44,-773.2
2556,284.8,-792.47
2557,344.85,-694.81
2558,176.78,-744.52
2559,168.57,-725.07
2560,1482.55,-651.7
2561,194.04,-801.83
2562,129.34,-803.97
2563,269.58,-759.68
2564,199.47,-735.2
2565,553.05,-682.68
2566,285.65,-707.37
2567,162.45,-782.3
2568,133.9,-754.69
2569,220.88,-709.43
2570,220.03,-715.75
2571,456.56,-794.88
2571,168.98,-752.89
2573,123.96,-785.72
2574,187.91,-739.52
2575,139.15,-779.17
2576,149.94,-809.8
2577,234.2,-756.09
2578,559.43,-634.29
2579,183.08,-761.96
2580,185.56,-748.26
2581,196.96,-776.61
2582,289.11,-699.97
2583,140.63,-762.36
2584,140.34,-748.9
2585,157.47,-763.9
2586,246.06,-721.38
2587,181.05,-751.73
2588,144.02,-798.23
2589,269.05,-740.1
2590,231.91,-760.82
2591,149.26,-771.49
2592,542.58,-812.47
2593,522.35,-714.91
2594,254.55,-824.8
2595,472.54,-627.25
2596,355.14,-771.61
2597,148.49,-746.22
2598,286.8,-644.83
2599,530.71,-705.48
2600,126.64,-800.11
2601,1179.43,-750.24
2602,206.6,-724.13
2603,187.03,-743.91
2604,138.01,-776.86
2605,310.77,-656.03
2606,344.34,-644.96
2607,186.64,-818.43
2608,331.81,-638.29
2609,442.65,-721.92
2610,243.59,-754.36
2611,442.03,-575.06
2612,196.03,-716.63
2613,173.07,-755.79
2614,151.06,-714.01
2615,284.7,-616.79
2616,262.95,-696.08
2617,720.26,-526.17
2618,319.42,-709.24
2619,165.87,-704.07
2620,187.63,-746.93
2621,1465.49,-595.57
2622,217.65,-736.47
2623,190.95,-781.49
2624,132.28,-777.08
2625,235.01,-712.51
2626,170.14,-766.36
2627,222.01,-703.61
2628,193.32,-737.77
2629,176.0,-747.19
2630,161.41,-744.3
2631,218.48,-803.95
2632,2150.27,-689.04
2633,229.74,-650.51
2634,300.92,-689.73
2635,156.44,-784.81
2636,150.07,-788.34
2637,196.81,-786.94
2638,214.31,-737.31
2639,557.95,-758.17
2640,178.67,-711.94
2641,520.61,-732.71
2642,203.8,-767.24
2643,205.7,-757.7
2644,440.8,-635.31
2645,285.8,-677.41
2646,144.61,-746.77
2647,216.51,-678.62
2648,269.33,-760.8
2649,286.3,-723.22
2650,179.87,-753.14
2651,155.93,-796.4
2652,179.68,-747.32
2653,141.01,-756.63
2654,1343.58,-428.89
2655,472.17,-770.64
2656,203.53,-761.27
2657,165.64,-777.47
2658,939.54,-420.52
2659,174.35,-791.79
2660,215.49,-724.91
2661,254.77,-800.68
2662,251.02,-657.98
2663,357.2,-694.31
2664,170.98,-727.1
2665,173.83,-798.18
2666,247.52,-643.9
2667,305.9,-770.17
2668,236.58,-785.51
2669,580.07,-669.16
2670,184.14,-736.89
2671,212.77,-690.19
2672,199.45,-758.87
2673,172.07,-705.39
2674,218.45,-869.9
2675,197.45,-708.69
2676,123.06,-795.14
2677,343.83,-656.69
2678,636.88,-567.97
2679,240.16,-694.51
2680,145.01,-769.08
2681,1456.44,-638.24
2682,157.12,-752.47
2683,206.66,-716.85
2684,165.9,-751.25
2685,212.17,-734.74
2686,202.28,-718.88
2687,183.16,-747.19
2688,234.93,-692.21
2689,171.39,-778.15
2690,149.05,-759.41
2691,789.88,-733.94
2692,344.36,-682.54
2693,235.54,-771.08
2694,210.39,-775.83
2695,1870.34,-543.97
2696,190.68,-807.66
2697,140.85,-785.45
2698,235.21,-738.66
2699,183.68,-699.72
2700,456.01,-720.2
2701,166.73,-760.9
2702,175.82,-766.1
2703,193.11,-759.26
2704,177.0,-706.52
2705,123.57,-782.67
2706,408.61,-702.21
2707,261.9,-731.79
2708,203.82,-773.69
2709,125.28,-784.64
2710,948.41,-680.86
2711,140.87,-765.18
2712,143.44,-794.03
2713,145.1,-782.6
2714,133.55,-788.99
2715,377.27,-662.56
2716,186.81,-737.62
2717,240.81,-739.86
2718,242.49,-663.05
2719,142.11,-767.73
2720,884.81,-590.85
2721,207.82,-788.81
2722,421.5,-606.96
2723,125.08,-775.76
2724,206.97,-682.94
2725,345.13,-759.41
2726,277.1,-739.34
2727,277.52,-778.61
2728,150.26,-770.66
2729,254.54,-794.32
2730,196.37,-720.75
2731,224.82,-728.25
2732,188.26,-801.69
2733,391.5,-719.7
2734,618.92,-544.6
2735,338.09,-763.8
2736,334.89,-701.87
2737,428.8,-805.69
2738,629.4,-695.98
2739,196.79,-768.55
2740,178.87,-737.45
2741,189.76,-785.03
2742,225.58,-786.67
2743,2594.33,-770.99
2744,451.93,-678.22
2745,159.05,-787.52
2746,206.55,-749.65
2747,178.61,-743.43
2748,201.31,-727.74
2749,160.01,-736.9
2750,460.45,-797.09
2751,983.02,-726.28
2752,509.55,-769.97
2753,415.47,-787.28
2754,202.79,-746.49
2755,270.85,-763.45
2756,151.95,-743.66
2757,1364.34,-609.86
2758,240.31,-762.08
2759,249.28,-796.53
2760,179.11,-771.92
2761,295.79,-626.36
2762,379.87,-762.06
2763,209.42,-734.31
2764,178.05,-690.98
2765,179.61,-731.19
2766,158.84,-708.07
2767,553.79,-692.61
2768,204.15,-723.57
2769,183.33,-740.62
2770,186.47,-678.8
2771,149.96,-753.99
2772,157.0,-771.86
2773,286.03,-606.3
2774,2608.96,-502.25
2775,150.05,-755.83
2776,167.23,-733.58
2777,225.32,-669.57
2778,328.35,-618.99
2779,182.94,-772.83
2780,183.64,-734.14
2781,571.19,-592.53
2782,231.3,-774.9
2783,227.78,-805.96
2784,274.04,-693.6
2785,226.42,-735.33
2786,370.36,-614.57
2787,202.5,-816.08
2788,168.69,-791.77
2789,140.02,-764.49
2790,728.98,-711.33
2791,320.67,-619.98
2792,133.43,-782.62
2793,186.15,-729.62
2794,850.25,-473.12
2795,157.45,-760.09
2796,264.21,-710.66
2797,181.88,-751.73
2798,883.06,-644.13
2799,478.87,-747.7
2800,339.73,-784.49
2801,189.18,-697.83
2802,187.94,-846.14
2803,158.01,-760.39
2804,135.19,-810.4
2805,328.27,-778.96
2806,310.09,-764.26
2807,2878.7,-719.1
2808,641.49,-526.47
2809,319.31,-760.66
2810,205.22,-711.89
2811,156.88,-897.67
2812,299.01,-743.17
2813,180.83,-764.4
2814,153.98,-770.3
2815,179.69,-727.41
2816,142.53,-755.99
2817,236.95,-721.65
2818,608.74,-731.76
2819,206.18,-762.47
2820,139.69,-765.84
2821,159.22,-750.13
2822,613.98,-711.48
2823,414.02,-793.13
2824,319.01,-628.18
2825,125.95,-793.83
2826,150.03,-795.52
2827,4671.86,-572.88
2828,230.02,-709.84
2829,199.93,-786.25
2830,347.1,-738.06
2831,275.73,-671.09
2832,361.75,-699.63
2833,166.54,-770.26
2834,324.44,-641.89
2835,203.92,-793.31
2836,1341.09,-591.22
2837,166.48,-707.18
2838,184.08,-775.08
2839,170.6,-720.49
2840,261.11,-762.13
2841,248.9,-711.08
2842,154.28,-747.0
2843,181.93,-825.04
2844,260.83,-688.26
2845,433.81,-638.88
2846,144.77,-807.26
2847,256.01,-757.83
2848,148.12,-758.55
2849,263.33,-773.39
2850,414.46,-589.35
2851,211.08,-715.74
2852,502.34,-753.41
2853,211.37,-743.15
2854,183.25,-718.41
2855,134.6,-807.67
2856,143.09,-776.83
2857,245.99,-782.28
2858,514.39,-522.43
2859,278.37,-701.51
2860,483.62,-573.75
2861,328.11,-637.21
2862,252.98,-683.68
2863,191.59,-751.0
2864,604.17,-743.12
2865,208.19,-676.46
2866,215.91,-793.7
2867,133.34,-804.49
2868,262.75,-759.79
2869,999.25,-542.59
2870,204.28,-727.8
2871,419.48,-672.91
2872,172.47,-778.77
2873,1071.1,-551.24
2874,409.58,-569.57
2875,143.71,-735.59
2876,175.26,-723.85
2877,184.43,-751.82
2878,185.82,-763.59
2879,1170.4,-626.63
2880,1162.21,-673.74
2881,156.27,-761.09
2882,160.32,-752.33
2883,158.6,-748.3
2884,300.4,-728.3
2885,133.45,-735.12
2886,137.88,-787.85
2887,189.7,-787.55
2887,486.04,-794.64
2889,760.37,-585.99
2890,139.33,-753.21
2891,159.18,-797.66
2892,149.38,-820.77
2893,131.15,-803.85
2894,238.43,-796.2
2895,164.97,-741.36
2896,628.81,-770.81
2897,143.9,-761.6
2898,163.91,-758.15
2899,178.72,-761.3
2900,498.24,-694.28
2901,159.64,-718.31
2902,146.01,-762.19
2903,148.31,-783.23
2904,1671.62,-808.88
2905,434.79,-752.95
2906,224.25,-656.03
2907,194.46,-739.94
2908,185.26,-721.56
2909,1168.91,-655.77
2910,406.88,-742.96
2911,299.6,-645.0
2912,150.59,-779.22
2913,472.77,-566.95
2914,196.9,-768.48
2915,144.03,-780.57
2916,172.04,-777.09
2917,140.43,-768.82
2918,145.38,-791.66
2919,232.94,-735.35
2920,749.5,-612.07
2921,297.74,-648.83
2922,140.51,-768.18
2923,764.77,-702.66
2924,166.97,-745.65
2925,219.85,-752.28
2926,2376.51,-467.36
2927,227.5,-803.42
2928,179.11,-758.07
2929,255.88,-647.33
2930,183.25,-756.74
2931,195.18,-701.22
2932,264.02,-750.23
2933,137.81,-755.71
2934,169.36,-742.71
2935,193.37,-766.92
2936,255.46,-705.48
2937,184.03,-719.69
2938,178.83,-747.17
2939,221.79,-707.03
2940,279.22,-748.4
2941,202.47,-770.81
2942,226.5,-733.89
2943,280.77,-776.23
2944,189.8,-759.02
2945,175.66,-781.26
2946,1115.0,-606.67
2947,245.73,-682.31
2948,183.49,-807.85
2949,148.85,-785.5
2950,1438.21,-677.83
2951,319.28,-741.0
2952,179.96,-725.82
2953,889.55,-477.06
2954,353.68,-736.3
2955,219.44,-765.96
2956,300.52,-761.09
2957,255.4,-703.73
2958,161.69,-782.26
2959,286.51,-687.9
2960,165.76,-754.18
2961,128.34,-785.44
2962,182.99,-744.29
2963,280.12,-705.74
2964,125.21,-782.95
2965,181.9,-771.81
2966,316.23,-708.76
2967,383.15,-783.82
2968,202.92,-741.99
2969,144.73,-776.42
2970,167.85,-754.21
2971,385.17,-717.79
2972,184.34,-739.76
2973,123.02,-789.17
2974,177.51,-731.13
2975,935.48,-624.58
2976,147.42,-848.7
2977,169.16,-763.59
2978,260.73,-757.39
2979,154.84,-755.07
2980,178.59,-707.01
2981,608.47,-659.15
2982,162.35,-771.21
2983,121.88,-778.59
2984,160.69,-754.91
2985,139.81,-775.57
2986,1150.32,-670.47
2987,528.28,-690.65
2988,336.19,-643.93
2989,140.55,-756.81
2990,185.72,-771.01
2991,554.15,-794.38
2992,952.36,-658.16
2993,155.18,-749.42
2994,127.35,-786.4
2995,220.88,-630.61
2996,180.34,-744.36
2997,218.08,-754.02
2998,192.42,-790.67
2999,1055.62,-766.68
3000,157.87,-749.02
3001,153.76,-750.06
3002,493.5,-756.24
3003,381.7,-703.91
3004,155.46,-782.38
3005,1390.71,-766.75
3006,215.94,-714.88
3007,144.34,-746.34
3008,536.49,-704.8
3009,166.23,-783.89
3010,330.3,-737.4
3011,317.04,-721.65
3012,450.57,-695.38
3013,425.85,-728.5
3014,146.91,-764.09
3015,160.85,-772.53
3016,1191.16,-578.73
3017,210.35,-765.34
3018,585.59,-666.42
3019,383.83,-721.07
3019,229.61,-681.99
3021,965.25,-589.16
3022,422.76,-635.04
3023,142.44,-768.27
3024,380.49,-709.84
3025,247.29,-704.14
3026,145.68,-788.53
3027,197.96,-746.54
3028,241.32,-740.78
3029,151.4,-729.53
3030,736.86,-706.14
3031,285.19,-667.82
3032,137.88,-777.78
3033,157.19,-787.38
3034,161.71,-770.37
3035,312.56,-671.49
3036,240.38,-696.28
3037,279.44,-720.39
3038,1485.85,-460.25
3039,155.68,-791.42
3040,264.85,-728.08
3041,146.64,-767.99
3042,213.25,-764.89
3043,141.13,-768.89
3044,3359.59,-502.04
3045,282.83,-616.06
3046,377.57,-661.66
3047,146.05,-785.22
3048,132.92,-771.9
3049,161.72,-732.74
3050,469.41,-586.24
3051,412.22,-583.14
3052,476.11,-612.88
3053,355.9,-748.54
3054,220.73,-758.37
3055,223.63,-708.93
3056,405.57,-605.34
3057,374.3,-871.69
3058,190.25,-771.63
3059,415.98,-698.3
3060,154.06,-792.52
3061,225.31,-745.15
3062,259.53,-685.87
3063,140.96,-780.95
3064,601.64,-676.73
3065,179.8,-718.78
3066,465.38,-596.99
3067,337.02,-649.13
3068,225.07,-759.37
3069,213.5,-735.74
3070,282.94,-713.51
3071,128.04,-776.0
3072,198.16,-728.44
3073,176.27,-756.32
3074,176.73,-787.99
3075,222.28,-710.35
3076,223.57,-705.31
3077,191.13,-761.83
3078,1022.31,-595.38
3079,177.96,-784.34
3080,263.17,-763.49
3081,297.06,-668.7
3082,278.54,-708.11
3083,125.37,-774.82
3084,365.07,-734.96
3085,350.44,-773.25
3086,249.41,-750.97
3087,174.87,-766.42
3088,157.1,-770.62
3089,224.25,-732.07
3090,146.46,-762.44
3091,481.41,-832.76
3092,155.08,-808.39
3093,361.42,-685.5
3094,154.82,-788.68
3095,173.32,-752.58
3096,268.28,-670.78
3097,175.36,-748.57
3098,185.87,-751.94
3099,487.59,-526.55
3100,175.28,-733.69
3101,140.22,-749.46
3102,171.52,-785.98
3103,2692.87,-659.37
3104,310.97,-690.45
3105,218.19,-754.49
3106,141.61,-777.16
3107,253.76,-753.16
3108,394.84,-739.04
3109,803.47,-560.17
3110,163.39,-765.8
3111,172.27,-774.49
3112,152.23,-717.1
3113,324.6,-774.39
3114,228.02,-732.3
3115,1054.91,-702.52
3116,372.14,-788.89
3117,153.93,-791.48
3118,254.11,-637.73
3119,482.86,-773.22
3120,140.02,-768.11
3121,151.12,-788.65
3122,153.57,-755.83
3123,169.42,-785.06
3124,363.37,-687.0
3125,278.56,-696.17
3126,290.69,-717.02
3127,789.19,-536.25
3128,206.34,-706.97
3129,136.61,-757.72
3130,242.6,-649.8
3131,265.09,-755.54
3132,139.19,-755.61
3133,3142.5,-648.85
3134,147.19,-753.12
3135,391.56,-749.82
3136,149.6,-749.16
3137,1072.33,-689.7
3138,210.46,-753.0
3139,195.66,-758.7
3140,274.44,-646.48
3141,278.31,-730.13
3142,806.21,-485.6
3143,159.43,-686.95
3144,193.62,-785.64
3145,197.21,-759.2
3146,188.84,-684.15
3147,230.8,-721.05
3148,151.5,-759.1
3149,228.81,-668.01
3150,782.18,-694.57
3151,290.34,-619.54
3152,206.4,-735.43
3153,230.15,-728.6
3154,434.92,-652.37
3155,140.04,-779.53
3156,238.52,-656.99
3157,272.76,-669.96
3158,141.78,-726.26
3159,143.11,-721.86
3160,223.12,-766.77
3161,176.5,-785.27
3162,197.47,-774.23
3163,164.14,-799.41
3164,1295.5,-562.7
3165,654.57,-726.51
3166,141.42,-755.5
3167,214.33,-672.17
3168,436.87,-738.19
3169,157.29,-762.8
3170,512.18,-620.23
3171,152.48,-757.77
3172,1538.37,-495.16
3173,344.67,-587.54
3174,202.99,-727.69
3175,2619.66,-472.58
3176,348.53,-777.62
3177,161.02,-759.91
3178,155.67,-729.18
3179,391.84,-733.36
3180,591.76,-582.0
3181,133.33,-773.09
3182,161.77,-799.74
3183,516.84,-723.76
3184,538.2,-670.96
3185,239.81,-743.52
3186,242.75,-741.25
3187,680.41,-719.91
3188,837.25,-710.78
3189,265.48,-824.06
3190,125.85,-774.22
3191,190.57,-781.25
3192,2652.21,-664.39
3193,328.17,-661.24
3194,527.69,-683.19
3195,223.09,-688.91
3196,150.07,-767.34
3197,175.71,-782.39
3198,404.33,-685.47
3199,571.23,-755.87
3200,182.81,-719.93
3201,180.77,-782.67
3202,202.15,-746.84
3203,199.78,-721.54
3204,144.83,-785.43
3205,1422.7,-552.93
3206,208.8,-730.3
3207,173.8,-730.53
3208,214.85,-661.66
3209,205.05,-678.82
3210,164.42,-782.6
3211,208.21,-751.74
3212,164.14,-780.54
3213,144.1,-767.3
3214,126.99,-780.39
3215,432.49,-529.08
3216,147.95,-773.97
3217,159.01,-781.98
3218,116.45,-801.72
3219,122.44,-759.16
3220,163.36,-788.45
3221,352.39,-657.29
3222,453.76,-752.85
3223,280.37,-776.48
3224,221.94,-796.59
3225,178.1,-700.45
3226,834.38,-805.51
3227,597.26,-784.81
3228,167.99,-810.47
3229,169.57,-734.96
3230,171.66,-795.75
3231,432.09,-742.83
3232,326.68,-655.89
3233,355.43,-704.03
3234,254.8,-710.29
3235,132.03,-765.84
3236,527.1,-749.96
3237,343.29,-654.88
3238,344.63,-724.64
3239,221.86,-720.21
3240,153.58,-806.85
3241,173.36,-702.58
3242,531.77,-714.83
3243,364.71,-588.8
3244,140.27,-785.61
3245,154.46,-785.32
3246,259.17,-623.6
3247,162.96,-762.15
3248,129.97,-776.4
3249,332.82,-682.31
3250,152.61,-744.37
3251,125.87,-792.01
3252,141.11,-856.26
3253,157.14,-769.11
3254,474.08,-746.35
3255,1234.15,-551.62
3256,674.7,-535.06
3257,218.9,-670.69
3258,976.9,-578.92
3259,221.78,-697.76
3260,311.01,-766.61
3261,126.05,-778.36
3262,216.8,-749.9
3263,391.12,-747.09
3264,513.37,-784.59
3265,503.41,-761.3
3266,168.08,-748.12
3267,221.35,-748.28
3268,374.36,-626.17
3269,262.11,-814.68
3270,4398.41,-691.39
3271,153.96,-767.01
3272,283.36,-688.41
3273,128.32,-788.43
3274,121.25,-779.04
3275,142.38,-783.79
3276,832.72,-682.88
3277,205.87,-772.59
3278,222.33,-694.28
3279,303.0,-652.79
3280,985.52,-546.15
3281,293.04,-671.52
3282,141.05,-767.23
3283,180.59,-743.32
3284,532.13,-619.24
3285,438.88,-728.59
3286,131.29,-792.84
3287,195.38,-766.11
3288,148.85,-768.75
3289,373.01,-657.21
3290,164.68,-755.2
3291,793.67,-654.21
3292,164.44,-774.78
3293,174.47,-734.15
3294,167.04,-719.54
3295,151.84,-789.86
3296,211.76,-660.12
3297,350.44,-601.64
3298,151.04,-750.22
3299,129.97,-757.04
3300,1119.44,-551.41
3301,1064.05,-667.43
3302,148.02,-750.47
